Workbook

Sheet Cover
B6: FoxEco
B8: TEST CASE & TEST REPORT
B9: Bộ tài liệu kiểm thử — quy trình SDLC
C12: Mã hiệu | E12: 7.1-BM/PM/HDCV/ISC
C13: Phiên bản | E13: v1.1
B15: File gồm 2 phần: TEST CASE (viết & theo dõi case) và REPORT (tổng hợp kết quả & bug).
B16: Sheet: Guideline · Revision History · Summary · Dashboard · Report Test · Data · RTM· Test Cases

Sheet Guideline
B2: QUY ĐỊNH CHUNG
B3: 1. Đặt tên file | C3: ISC_[Tên dự án]_[Version]_TC_[Version TC]_R[Số round test].xlsx VD: ISC_FCP-Web_v1.0_TC_v1.0_R1.xls
B4: 2. Tách sheet | C4: Mỗi Function/Screen tách thành 1 sheet Test Cases riêng (copy sheet mẫu).
B5: 3. Test Title | C5: Mỗi case kiểm tra 1 nội dung; bắt đầu bằng 'Check ...'
B6: 4. Người thực hiện | C6: Dùng email, mỗi case 1 người
B7: 5. Phiên bản | C7: Khi update nội dung file test cases phải tăng [Version TC] và quản lý lịch sử thay đổi trong sheet Revision History
B10: PHÂN LOẠI TRẠNG THÁI (Status — trạng thái TỔNG của TC)
B11: Trạng thái | C11: Ý nghĩa
B12: Pass | C12: Đạt — chỉ Pass khi TẤT CẢ bước/kiểm tra trong case đều đạt
B13: Fail | C13: Chỉ cần 1 bước/kiểm tra không đạt → Fail (ghi ID Bugs)
B14: Block | C14: Không thực hiện được / Pending — ghi rõ lý do ở Remark
B15: N/A | C15: Case không áp dụng (VD: Won't fix)
B18: PHÂN LOẠI ĐỘ ƯU TIÊN
B19: Priority | C19: Ý nghĩa
B20: High (P1) | C20: Bắt buộc chạy; ảnh hưởng luồng/nghiệp vụ chính
B21: Medium (P2) | C21: Chạy ít nhất 1 lần; ảnh hưởng người dùng mức trung bình
B22: Low (P3) | C22: Có thể bỏ khi rút ngắn thời gian; ít ảnh hưởng
B25: PHÂN LOẠI NHÓM (Group)
B26: Group | C26: Ý nghĩa
B27: Functional | C27: Kiểm tra chức năng theo luồng nghiệp vụ
B28: UI | C28: Kiểm tra giao diện: bố cục, hiển thị, responsive, thông báo, trạng thái control
B29: Integration | C29: Kiểm tra tích hợp giữa các module / API / hệ thống
B30: Database | C30: Kiểm tra tầng dữ liệu: lưu/đọc đúng, ràng buộc & toàn vẹn dữ liệu (CSDL)
B33: Ý NGHĨA CỘT EXECUTION
B34: Status | C34: Trạng thái TỔNG của TC = kết quả round MỚI NHẤT (tự động, không nhập tay).
B35: Executed By (mỗi round) | C35: Email người thực thi test ở TỪNG round.
B36: ID Bugs (mỗi round) | C36: Mã bug (Jira) phát sinh ở round đó khi Fail.
B37: Note (mỗi round) | C37: Ghi chú tự do cho round đó: lý do Block/Fail, môi trường/dữ liệu đã dùng, link evidence… (không ảnh hưởng Status).
B39: SDLC
B40: Các cột dưới đây tích hợp AI vào quy trình kiểm thử
B41: Origin (Nguồn tạo) | C41: AI = TC do AI sinh · QC = QC viết tay
B42: Review | C42: Reviewed = QC đã review · Pending = chờ review · N/A
B43: Automated | C43: Yes/No — TC đã được viết script automation hay chưa
B44: Script | C44: Đường dẫn file script automation (nếu có)
B45: Vibe-test | C45: Yes/No/N-A theo TỪNG round — TC có kiểm thử kiểu 'vibe-test' (thăm dò có AI agent hỗ trợ) ở round đó. Cột 'Vibe-test (tổng)' tự gộp = Yes nếu có ≥1 round Yes.
B46: KQ Script | C46: Kết quả CHẠY script tự động theo TỪNG round: Pass/Fail/Block/N/A/Chưa chạy. Cột 'KQ Script (tổng)' tự lấy kết quả round mới nhất.
B47: Traceability | C47: Scenario ID + Req ID + DOC Source: truy vết TC ↔ kịch bản ↔ yêu cầu ↔ tài liệu nguồn
B49: TEST THEO ROUND (nhiều round trong 1 version)
B50: R1 … R5 | C50: Mỗi round là 1 khối 6 cột: Vibe-test · KQ Script · Kết quả · Executed By · ID Bugs · Note. Chạy round nào thì nhập vào khối round đó. Template hỗ trợ 5 round. Ô Kết quả/KQ Script tự tô màu: Pass=xanh · Fail=đỏ · Block=xám · N/A=vàng.
B51: Status | C51: TỰ ĐỘNG = kết quả (Kết quả) của round MỚI NHẤT trong R1…R5. Không nhập tay.
B52: Round (Bug Data) | C52: Round phát hiện bug. Report mục IV thống kê Bug theo round & tiến độ Pass/Fail theo round.

Sheet Revision History
D3: REVISION HISTORY
B6: Date | C6: Version | D6: Author | E6: Reviewer | F6: Approver | G6: Change Description
B7: 46203 | C7: 1 | D7: QC | E7: QC Lead | F7: PM | G7: Tạo mới

Sheet Summary
B2: SUMMARY — Thiết lập chung & Chỉ số Test Case
B3: Sheet SETUP CHUNG. Chỉ số TỔNG QUAN bên dưới được GOM TỰ ĐỘNG từ TẤT CẢ sheet Test Case, quản lý ở sheet "Dashboard".
B5: THIẾT LẬP CHUNG
B6: Tên dự án | C6: FoxEco
B7: Mã tài liệu | C7: 7.1-BM/PM/HDCV/ISC
B8: Version | C8: v1.1
B9: Sprint | C9: R1
B10: Ngày bắt đầu test | C10: 46283
B11: Ngày kết thúc test | C11: 46287
B12: Số sheet chức năng | C12: =COUNTIF(Dashboard!$D$4:$D$33,"?*")
B13: PIC | C13: GiangDC2
B14: Ô vàng = nhập tay. Version / ngày test được Test Cases & Report tham chiếu tự động.
B16: TỔNG QUAN TEST CASE — ƯU TIÊN & TIẾN ĐỘ THỰC THI
B17: Tổng số Test Case | C17: =Dashboard!$F$34 | I17: THEO NHÓM LOẠI TC (Group)
B18: Mức ưu tiên | C18: Tổng TC | D18: % / Tổng | E18: Đã chạy | F18: % đã chạy | I18: Nhóm | J18: Số TC
B19: High (P1) | C19: =Dashboard!$O$34 | D19: =IFERROR(C19/$C$17,0) | E19: =Dashboard!$AB$34 | F19: =IFERROR(E19/C19,0) | I19: Functional | J19: =Dashboard!$R$34
B20: Medium (P2) | C20: =Dashboard!$P$34 | D20: =IFERROR(C20/$C$17,0) | E20: =Dashboard!$AC$34 | F20: =IFERROR(E20/C20,0) | I20: UI | J20: =Dashboard!$S$34
B21: Low (P3) | C21: =Dashboard!$Q$34 | D21: =IFERROR(C21/$C$17,0) | E21: =Dashboard!$AD$34 | F21: =IFERROR(E21/C21,0) | I21: Integration | J21: =Dashboard!$T$34
B22: Tổng | C22: =SUM(C19:C21) | D22: =IFERROR(C22/$C$17,0) | E22: =SUM(E19:E21) | F22: =IFERROR(E22/C22,0) | I22: Database | J22: =Dashboard!$U$34
B42: SDLC — MỨC ĐỘ ÁP DỤNG
B43: Chỉ số | C43: Số lượng | D43: % / Tổng TC
B44: TC do AI sinh (Origin=AI) | C44: =Dashboard!$V$34 | D44: =IFERROR(C44/$C17,0)
B45: TC do QC viết (Origin=QC) | C45: =Dashboard!$W$34 | D45: =IFERROR(C45/$C17,0)
B46: TC đã automation (Automated=Yes) | C46: =Dashboard!$X$34 | D46: =IFERROR(C46/$C17,0)
B47: TC Vibe-test (Yes) | C47: =Dashboard!$Y$34 | D47: =IFERROR(C47/$C17,0)
B48: TC script auto chạy Pass | C48: =Dashboard!$Z$34 | D48: =IFERROR(C48/$C17,0)
B49: TC đã TL review | C49: =Dashboard!$AA$34 | D49: =IFERROR(C49/$C17,0)
B51: % tính trên TỔNG SỐ TEST CASE. Tự đếm từ sheet Test Cases (khác khối III của Report — khối đó nhập tay theo bug).
B53: Test nhiều Round/1 version: nhập kết quả từng round ở cột R1…R8 (sheet Test Case); Status = round mới nhất. Chi tiết tiến độ theo round ở Report — mục IV.
B56: MÔI TRƯỜNG & PHẠM VI TEST
B57: Environment | C57: STG
B58: Platform | C58: App
B59: Device | C59: VD: iPhone 14 (iOS 17), Galaxy S23 (Android 14)
B60: Accounts | C60: VD: user01, user02
B61: Functional Testing | C61: VD: 1. Function A / 2. Function B
B62: System Integration Testing (nếu có) | C62: VD: Tool A, Tool B
B64: ► QUẢN LÝ DANH SÁCH SHEET TEST CASE: xem sheet "Dashboard". Thêm/bớt function chỉ cần thêm/xoá 1 dòng (tên tab sheet) ở Dashboard — mọi chỉ số tự cập nhật.

Sheet Dashboard
B1: BẢNG ĐIỀU KHIỂN — QUẢN LÝ & GOM SỐ LIỆU TẤT CẢ SHEET TEST CASE
C2: QUẢN LÝ SHEET (nhập tay 3 cột) | F2: Execution | O2: PRIORITY | R2: GROUP TC | V2: SDLC | AB2: PRIORITY — ĐÃ CHẠY | AE2: TIẾN ĐỘ THEO ROUND (mỗi round chạy lại toàn bộ TC)
B3: STT | C3: Mã CN | D3: Tên tab sheet (đúng 100%) | E3: Function / Màn hình | F3: Tổng TC | G3: Pass | H3: Fail | I3: Block | J3: N/A | K3: Chưa chạy | L3: Executed | M3: Coverage % | N3: Pass % | O3: High | P3: Medium | Q3: Low | R3: Functional | S3: UI | T3: Integration | U3: Database | V3: AI-gen | W3: QC viết | X3: Auto | Y3: Vibe | Z3: Script Pass | AA3: Reviewed | AB3: High đã chạy | AC3: Medium đã chạy | AD3: Low đã chạy | AE3: R1 Executed | AF3: R1 Pass | AG3: R1 Fail | AH3: R1 Block | AI3: R1 N/A | AJ3: R2 Executed | AK3: R2 Pass | AL3: R2 Fail | AM3: R2 Block | AN3: R2 N/A | AO3: R3 Executed | AP3: R3 Pass | AQ3: R3 Fail | AR3: R3 Block | AS3: R3 N/A | AT3: R4 Executed | AU3: R4 Pass | AV3: R4 Fail | AW3: R4 Block | AX3: R4 N/A | AY3: R5 Executed | AZ3: R5 Pass | BA3: R5 Fail | BB3: R5 Block | BC3: R5 N/A
B4: =IF($D4="","",ROW()-3) | C4: TC_01 | D4: Hoạt động (Đơn của tôi) | E4: Hoạt động (Đơn của tôi) | F4: =IF($D4="","",IFERROR(COUNTIF(INDIRECT("'"&$D4&"'!$A$7:$A$500"),"?*"),0)) | G4: =IF($D4="","",IFERROR(COUNTIF(INDIRECT("'"&$D4&"'!$AT$7:$AT$500"),"Pass"),0)) | H4: =IF($D4="","",IFERROR(COUNTIF(INDIRECT("'"&$D4&"'!$AT$7:$AT$500"),"Fail"),0)) | I4: =IF($D4="","",IFERROR(COUNTIF(INDIRECT("'"&$D4&"'!$AT$7:$AT$500"),"Block"),0)) | J4: =IF($D4="","",IFERROR(COUNTIF(INDIRECT("'"&$D4&"'!$AT$7:$AT$500"),"N/A"),0)) | K4: =IF($D4="","",MAX(0,$F4-$G4-$H4-$I4-$J4)) | L4: =IF($D4="","",$G4+$H4+$I4+$J4) | M4: =IF($D4="","",IFERROR($L4/$F4,0)) | N4: =IF($D4="","",IFERROR($G4/$L4,0)) | O4: =IF($D4="","",IFERROR(COUNTIF(INDIRECT("'"&$D4&"'!$E$7:$E$500"),"High"),0)) | P4: =IF($D4="","",IFERROR(COUNTIF(INDIRECT("'"&$D4&"'!$E$7:$E$500"),"Medium"),0)) | Q4: =IF($D4="","",IFERROR(COUNTIF(INDIRECT("'"&$D4&"'!$E$7:$E$500"),"Low"),0)) | R4: =IF($D4="","",IFERROR(COUNTIF(INDIRECT("'"&$D4&"'!$D$7:$D$500"),"Functional"),0)) | S4: =IF($D4="","",IFERROR(COUNTIF(INDIRECT("'"&$D4&"'!$D$7:$D$500"),"UI"),0)) | T4: =IF($D4="","",IFERROR(COUNTIF(INDIRECT("'"&$D4&"'!$D$7:$D$500"),"Integration"),0)) | U4: =IF($D4="","",IFERROR(COUNTIF(INDIRECT("'"&$D4&"'!$D$7:$D$500"),"Database Test Case"),0)) | V4: =IF($D4="","",IFERROR(COUNTIF(INDIRECT("'"&$D4&"'!$J$7:$J$500"),"AI"),0)) | W4: =IF($D4="","",IFERROR(COUNTIF(INDIRECT("'"&$D4&"'!$J$7:$J$500"),"QC"),0)) | X4: =IF($D4="","",IFERROR(COUNTIF(INDIRECT("'"&$D4&"'!$L$7:$L$500"),"Yes"),0)) | Y4: =IF($D4="","",IFERROR(COUNTIF(INDIRECT("'"&$D4&"'!$AR$7:$AR$500"),"Yes"),0)) | Z4: =IF($D4="","",IFERROR(COUNTIF(INDIRECT("'"&$D4&"'!$AS$7:$AS$500"),"Pass"),0)) | AA4: =IF($D4="","",IFERROR(COUNTIF(INDIRECT("'"&$D4&"'!$K$7:$K$500"),"Reviewed"),0)) | AB4: =IF($D4="","",IFERROR(COUNTIFS(INDIRECT("'"&$D4&"'!$E$7:$E$500"),"High",INDIRECT("'"&$D4&"'!$AT$7:$AT$500"),"?*"),0)) | AC4: =IF($D4="","",IFERROR(COUNTIFS(INDIRECT("'"&$D4&"'!$E$7:$E$500"),"Medium",INDIRECT("'"&$D4&"'!$AT$7:$AT$500"),"?*"),0)) | AD4: =IF($D4="","",IFERROR(COUNTIFS(INDIRECT("'"&$D4&"'!$E$7:$E$500"),"Low",INDIRECT("'"&$D4&"'!$AT$7:$AT$500"),"?*"),0)) | AE4: =IF($D4="","",IFERROR(COUNTIF(INDIRECT("'"&$D4&"'!$P$7:$P$500"),"?*"),0)) | AF4: =IF($D4="","",IFERROR(COUNTIF(INDIRECT("'"&$D4&"'!$P$7:$P$500"),"Pass"),0)) | AG4: =IF($D4="","",IFERROR(COUNTIF(INDIRECT("'"&$D4&"'!$P$7:$P$500"),"Fail"),0)) | AH4: =IF($D4="","",IFERROR(COUNTIF(INDIRECT("'"&$D4&"'!$P$7:$P$500"),"Block"),0)) | AI4: =IF($D4="","",IFERROR(COUNTIF(INDIRECT("'"&$D4&"'!$P$7:$P$500"),"N/A"),0)) | AJ4: =IF($D4="","",IFERROR(COUNTIF(INDIRECT("'"&$D4&"'!$V$7:$V$500"),"?*"),0)) | AK4: =IF($D4="","",IFERROR(COUNTIF(INDIRECT("'"&$D4&"'!$V$7:$V$500"),"Pass"),0)) | AL4: =IF($D4="","",IFERROR(COUNTIF(INDIRECT("'"&$D4&"'!$V$7:$V$500"),"Fail"),0)) | AM4: =IF($D4="","",IFERROR(COUNTIF(INDIRECT("'"&$D4&"'!$V$7:$V$500"),"Block"),0)) | AN4: =IF($D4="","",IFERROR(COUNTIF(INDIRECT("'"&$D4&"'!$V$7:$V$500"),"N/A"),0)) | AO4: =IF($D4="","",IFERROR(COUNTIF(INDIRECT("'"&$D4&"'!$AB$7:$AB$500"),"?*"),0)) | AP4: =IF($D4="","",IFERROR(COUNTIF(INDIRECT("'"&$D4&"'!$AB$7:$AB$500"),"Pass"),0)) | AQ4: =IF($D4="","",IFERROR(COUNTIF(INDIRECT("'"&$D4&"'!$AB$7:$AB$500"),"Fail"),0)) | AR4: =IF($D4="","",IFERROR(COUNTIF(INDIRECT("'"&$D4&"'!$AB$7:$AB$500"),"Block"),0)) | AS4: =IF($D4="","",IFERROR(COUNTIF(INDIRECT("'"&$D4&"'!$AB$7:$AB$500"),"N/A"),0)) | AT4: =IF($D4="","",IFERROR(COUNTIF(INDIRECT("'"&$D4&"'!$AH$7:$AH$500"),"?*"),0)) | AU4: =IF($D4="","",IFERROR(COUNTIF(INDIRECT("'"&$D4&"'!$AH$7:$AH$500"),"Pass"),0)) | AV4: =IF($D4="","",IFERROR(COUNTIF(INDIRECT("'"&$D4&"'!$AH$7:$AH$500"),"Fail"),0)) | AW4: =IF($D4="","",IFERROR(COUNTIF(INDIRECT("'"&$D4&"'!$AH$7:$AH$500"),"Block"),0)) | AX4: =IF($D4="","",IFERROR(COUNTIF(INDIRECT("'"&$D4&"'!$AH$7:$AH$500"),"N/A"),0)) | AY4: =IF($D4="","",IFERROR(COUNTIF(INDIRECT("'"&$D4&"'!$AN$7:$AN$500"),"?*"),0)) | AZ4: =IF($D4="","",IFERROR(COUNTIF(INDIRECT("'"&$D4&"'!$AN$7:$AN$500"),"Pass"),0)) | BA4: =IF($D4="","",IFERROR(COUNTIF(INDIRECT("'"&$D4&"'!$AN$7:$AN$500"),"Fail"),0)) | BB4: =IF($D4="","",IFERROR(COUNTIF(INDIRECT("'"&$D4&"'!$AN$7:$AN$500"),"Block"),0)) | BC4: =IF($D4="","",IFERROR(COUNTIF(INDIRECT("'"&$D4&"'!$AN$7:$AN$500"),"N/A"),0))
B5: =IF($D5="","",ROW()-3) | C5: TC_02 | D5: Ghép nối | E5: Ghép nối | F5: =IF($D5="","",IFERROR(COUNTIF(INDIRECT("'"&$D5&"'!$A$7:$A$500"),"?*"),0)) | G5: =IF($D5="","",IFERROR(COUNTIF(INDIRECT("'"&$D5&"'!$AT$7:$AT$500"),"Pass"),0)) | H5: =IF($D5="","",IFERROR(COUNTIF(INDIRECT("'"&$D5&"'!$AT$7:$AT$500"),"Fail"),0)) | I5: =IF($D5="","",IFERROR(COUNTIF(INDIRECT("'"&$D5&"'!$AT$7:$AT$500"),"Block"),0)) | J5: =IF($D5="","",IFERROR(COUNTIF(INDIRECT("'"&$D5&"'!$AT$7:$AT$500"),"N/A"),0)) | K5: =IF($D5="","",MAX(0,$F5-$G5-$H5-$I5-$J5)) | L5: =IF($D5="","",$G5+$H5+$I5+$J5) | M5: =IF($D5="","",IFERROR($L5/$F5,0)) | N5: =IF($D5="","",IFERROR($G5/$L5,0)) | O5: =IF($D5="","",IFERROR(COUNTIF(INDIRECT("'"&$D5&"'!$E$7:$E$500"),"High"),0)) | P5: =IF($D5="","",IFERROR(COUNTIF(INDIRECT("'"&$D5&"'!$E$7:$E$500"),"Medium"),0)) | Q5: =IF($D5="","",IFERROR(COUNTIF(INDIRECT("'"&$D5&"'!$E$7:$E$500"),"Low"),0)) | R5: =IF($D5="","",IFERROR(COUNTIF(INDIRECT("'"&$D5&"'!$D$7:$D$500"),"Functional"),0)) | S5: =IF($D5="","",IFERROR(COUNTIF(INDIRECT("'"&$D5&"'!$D$7:$D$500"),"UI"),0)) | T5: =IF($D5="","",IFERROR(COUNTIF(INDIRECT("'"&$D5&"'!$D$7:$D$500"),"Integration"),0)) | U5: =IF($D5="","",IFERROR(COUNTIF(INDIRECT("'"&$D5&"'!$D$7:$D$500"),"Database Test Case"),0)) | V5: =IF($D5="","",IFERROR(COUNTIF(INDIRECT("'"&$D5&"'!$J$7:$J$500"),"AI"),0)) | W5: =IF($D5="","",IFERROR(COUNTIF(INDIRECT("'"&$D5&"'!$J$7:$J$500"),"QC"),0)) | X5: =IF($D5="","",IFERROR(COUNTIF(INDIRECT("'"&$D5&"'!$L$7:$L$500"),"Yes"),0)) | Y5: =IF($D5="","",IFERROR(COUNTIF(INDIRECT("'"&$D5&"'!$AR$7:$AR$500"),"Yes"),0)) | Z5: =IF($D5="","",IFERROR(COUNTIF(INDIRECT("'"&$D5&"'!$AS$7:$AS$500"),"Pass"),0)) | AA5: =IF($D5="","",IFERROR(COUNTIF(INDIRECT("'"&$D5&"'!$K$7:$K$500"),"Reviewed"),0)) | AB5: =IF($D5="","",IFERROR(COUNTIFS(INDIRECT("'"&$D5&"'!$E$7:$E$500"),"High",INDIRECT("'"&$D5&"'!$AT$7:$AT$500"),"?*"),0)) | AC5: =IF($D5="","",IFERROR(COUNTIFS(INDIRECT("'"&$D5&"'!$E$7:$E$500"),"Medium",INDIRECT("'"&$D5&"'!$AT$7:$AT$500"),"?*"),0)) | AD5: =IF($D5="","",IFERROR(COUNTIFS(INDIRECT("'"&$D5&"'!$E$7:$E$500"),"Low",INDIRECT("'"&$D5&"'!$AT$7:$AT$500"),"?*"),0)) | AE5: =IF($D5="","",IFERROR(COUNTIF(INDIRECT("'"&$D5&"'!$P$7:$P$500"),"?*"),0)) | AF5: =IF($D5="","",IFERROR(COUNTIF(INDIRECT("'"&$D5&"'!$P$7:$P$500"),"Pass"),0)) | AG5: =IF($D5="","",IFERROR(COUNTIF(INDIRECT("'"&$D5&"'!$P$7:$P$500"),"Fail"),0)) | AH5: =IF($D5="","",IFERROR(COUNTIF(INDIRECT("'"&$D5&"'!$P$7:$P$500"),"Block"),0)) | AI5: =IF($D5="","",IFERROR(COUNTIF(INDIRECT("'"&$D5&"'!$P$7:$P$500"),"N/A"),0)) | AJ5: =IF($D5="","",IFERROR(COUNTIF(INDIRECT("'"&$D5&"'!$V$7:$V$500"),"?*"),0)) | AK5: =IF($D5="","",IFERROR(COUNTIF(INDIRECT("'"&$D5&"'!$V$7:$V$500"),"Pass"),0)) | AL5: =IF($D5="","",IFERROR(COUNTIF(INDIRECT("'"&$D5&"'!$V$7:$V$500"),"Fail"),0)) | AM5: =IF($D5="","",IFERROR(COUNTIF(INDIRECT("'"&$D5&"'!$V$7:$V$500"),"Block"),0)) | AN5: =IF($D5="","",IFERROR(COUNTIF(INDIRECT("'"&$D5&"'!$V$7:$V$500"),"N/A"),0)) | AO5: =IF($D5="","",IFERROR(COUNTIF(INDIRECT("'"&$D5&"'!$AB$7:$AB$500"),"?*"),0)) | AP5: =IF($D5="","",IFERROR(COUNTIF(INDIRECT("'"&$D5&"'!$AB$7:$AB$500"),"Pass"),0)) | AQ5: =IF($D5="","",IFERROR(COUNTIF(INDIRECT("'"&$D5&"'!$AB$7:$AB$500"),"Fail"),0)) | AR5: =IF($D5="","",IFERROR(COUNTIF(INDIRECT("'"&$D5&"'!$AB$7:$AB$500"),"Block"),0)) | AS5: =IF($D5="","",IFERROR(COUNTIF(INDIRECT("'"&$D5&"'!$AB$7:$AB$500"),"N/A"),0)) | AT5: =IF($D5="","",IFERROR(COUNTIF(INDIRECT("'"&$D5&"'!$AH$7:$AH$500"),"?*"),0)) | AU5: =IF($D5="","",IFERROR(COUNTIF(INDIRECT("'"&$D5&"'!$AH$7:$AH$500"),"Pass"),0)) | AV5: =IF($D5="","",IFERROR(COUNTIF(INDIRECT("'"&$D5&"'!$AH$7:$AH$500"),"Fail"),0)) | AW5: =IF($D5="","",IFERROR(COUNTIF(INDIRECT("'"&$D5&"'!$AH$7:$AH$500"),"Block"),0)) | AX5: =IF($D5="","",IFERROR(COUNTIF(INDIRECT("'"&$D5&"'!$AH$7:$AH$500"),"N/A"),0)) | AY5: =IF($D5="","",IFERROR(COUNTIF(INDIRECT("'"&$D5&"'!$AN$7:$AN$500"),"?*"),0)) | AZ5: =IF($D5="","",IFERROR(COUNTIF(INDIRECT("'"&$D5&"'!$AN$7:$AN$500"),"Pass"),0)) | BA5: =IF($D5="","",IFERROR(COUNTIF(INDIRECT("'"&$D5&"'!$AN$7:$AN$500"),"Fail"),0)) | BB5: =IF($D5="","",IFERROR(COUNTIF(INDIRECT("'"&$D5&"'!$AN$7:$AN$500"),"Block"),0)) | BC5: =IF($D5="","",IFERROR(COUNTIF(INDIRECT("'"&$D5&"'!$AN$7:$AN$500"),"N/A"),0))
B6: =IF($D6="","",ROW()-3) | C6: TC_03 | D6: Huỷ đơn - Huỷ nhận đơn | E6: Huỷ đơn - Huỷ nhận đơn | F6: =IF($D6="","",IFERROR(COUNTIF(INDIRECT("'"&$D6&"'!$A$7:$A$500"),"?*"),0)) | G6: =IF($D6="","",IFERROR(COUNTIF(INDIRECT("'"&$D6&"'!$AT$7:$AT$500"),"Pass"),0)) | H6: =IF($D6="","",IFERROR(COUNTIF(INDIRECT("'"&$D6&"'!$AT$7:$AT$500"),"Fail"),0)) | I6: =IF($D6="","",IFERROR(COUNTIF(INDIRECT("'"&$D6&"'!$AT$7:$AT$500"),"Block"),0)) | J6: =IF($D6="","",IFERROR(COUNTIF(INDIRECT("'"&$D6&"'!$AT$7:$AT$500"),"N/A"),0)) | K6: =IF($D6="","",MAX(0,$F6-$G6-$H6-$I6-$J6)) | L6: =IF($D6="","",$G6+$H6+$I6+$J6) | M6: =IF($D6="","",IFERROR($L6/$F6,0)) | N6: =IF($D6="","",IFERROR($G6/$L6,0)) | O6: =IF($D6="","",IFERROR(COUNTIF(INDIRECT("'"&$D6&"'!$E$7:$E$500"),"High"),0)) | P6: =IF($D6="","",IFERROR(COUNTIF(INDIRECT("'"&$D6&"'!$E$7:$E$500"),"Medium"),0)) | Q6: =IF($D6="","",IFERROR(COUNTIF(INDIRECT("'"&$D6&"'!$E$7:$E$500"),"Low"),0)) | R6: =IF($D6="","",IFERROR(COUNTIF(INDIRECT("'"&$D6&"'!$D$7:$D$500"),"Functional"),0)) | S6: =IF($D6="","",IFERROR(COUNTIF(INDIRECT("'"&$D6&"'!$D$7:$D$500"),"UI"),0)) | T6: =IF($D6="","",IFERROR(COUNTIF(INDIRECT("'"&$D6&"'!$D$7:$D$500"),"Integration"),0)) | U6: =IF($D6="","",IFERROR(COUNTIF(INDIRECT("'"&$D6&"'!$D$7:$D$500"),"Database Test Case"),0)) | V6: =IF($D6="","",IFERROR(COUNTIF(INDIRECT("'"&$D6&"'!$J$7:$J$500"),"AI"),0)) | W6: =IF($D6="","",IFERROR(COUNTIF(INDIRECT("'"&$D6&"'!$J$7:$J$500"),"QC"),0)) | X6: =IF($D6="","",IFERROR(COUNTIF(INDIRECT("'"&$D6&"'!$L$7:$L$500"),"Yes"),0)) | Y6: =IF($D6="","",IFERROR(COUNTIF(INDIRECT("'"&$D6&"'!$AR$7:$AR$500"),"Yes"),0)) | Z6: =IF($D6="","",IFERROR(COUNTIF(INDIRECT("'"&$D6&"'!$AS$7:$AS$500"),"Pass"),0)) | AA6: =IF($D6="","",IFERROR(COUNTIF(INDIRECT("'"&$D6&"'!$K$7:$K$500"),"Reviewed"),0)) | AB6: =IF($D6="","",IFERROR(COUNTIFS(INDIRECT("'"&$D6&"'!$E$7:$E$500"),"High",INDIRECT("'"&$D6&"'!$AT$7:$AT$500"),"?*"),0)) | AC6: =IF($D6="","",IFERROR(COUNTIFS(INDIRECT("'"&$D6&"'!$E$7:$E$500"),"Medium",INDIRECT("'"&$D6&"'!$AT$7:$AT$500"),"?*"),0)) | AD6: =IF($D6="","",IFERROR(COUNTIFS(INDIRECT("'"&$D6&"'!$E$7:$E$500"),"Low",INDIRECT("'"&$D6&"'!$AT$7:$AT$500"),"?*"),0)) | AE6: =IF($D6="","",IFERROR(COUNTIF(INDIRECT("'"&$D6&"'!$P$7:$P$500"),"?*"),0)) | AF6: =IF($D6="","",IFERROR(COUNTIF(INDIRECT("'"&$D6&"'!$P$7:$P$500"),"Pass"),0)) | AG6: =IF($D6="","",IFERROR(COUNTIF(INDIRECT("'"&$D6&"'!$P$7:$P$500"),"Fail"),0)) | AH6: =IF($D6="","",IFERROR(COUNTIF(INDIRECT("'"&$D6&"'!$P$7:$P$500"),"Block"),0)) | AI6: =IF($D6="","",IFERROR(COUNTIF(INDIRECT("'"&$D6&"'!$P$7:$P$500"),"N/A"),0)) | AJ6: =IF($D6="","",IFERROR(COUNTIF(INDIRECT("'"&$D6&"'!$V$7:$V$500"),"?*"),0)) | AK6: =IF($D6="","",IFERROR(COUNTIF(INDIRECT("'"&$D6&"'!$V$7:$V$500"),"Pass"),0)) | AL6: =IF($D6="","",IFERROR(COUNTIF(INDIRECT("'"&$D6&"'!$V$7:$V$500"),"Fail"),0)) | AM6: =IF($D6="","",IFERROR(COUNTIF(INDIRECT("'"&$D6&"'!$V$7:$V$500"),"Block"),0)) | AN6: =IF($D6="","",IFERROR(COUNTIF(INDIRECT("'"&$D6&"'!$V$7:$V$500"),"N/A"),0)) | AO6: =IF($D6="","",IFERROR(COUNTIF(INDIRECT("'"&$D6&"'!$AB$7:$AB$500"),"?*"),0)) | AP6: =IF($D6="","",IFERROR(COUNTIF(INDIRECT("'"&$D6&"'!$AB$7:$AB$500"),"Pass"),0)) | AQ6: =IF($D6="","",IFERROR(COUNTIF(INDIRECT("'"&$D6&"'!$AB$7:$AB$500"),"Fail"),0)) | AR6: =IF($D6="","",IFERROR(COUNTIF(INDIRECT("'"&$D6&"'!$AB$7:$AB$500"),"Block"),0)) | AS6: =IF($D6="","",IFERROR(COUNTIF(INDIRECT("'"&$D6&"'!$AB$7:$AB$500"),"N/A"),0)) | AT6: =IF($D6="","",IFERROR(COUNTIF(INDIRECT("'"&$D6&"'!$AH$7:$AH$500"),"?*"),0)) | AU6: =IF($D6="","",IFERROR(COUNTIF(INDIRECT("'"&$D6&"'!$AH$7:$AH$500"),"Pass"),0)) | AV6: =IF($D6="","",IFERROR(COUNTIF(INDIRECT("'"&$D6&"'!$AH$7:$AH$500"),"Fail"),0)) | AW6: =IF($D6="","",IFERROR(COUNTIF(INDIRECT("'"&$D6&"'!$AH$7:$AH$500"),"Block"),0)) | AX6: =IF($D6="","",IFERROR(COUNTIF(INDIRECT("'"&$D6&"'!$AH$7:$AH$500"),"N/A"),0)) | AY6: =IF($D6="","",IFERROR(COUNTIF(INDIRECT("'"&$D6&"'!$AN$7:$AN$500"),"?*"),0)) | AZ6: =IF($D6="","",IFERROR(COUNTIF(INDIRECT("'"&$D6&"'!$AN$7:$AN$500"),"Pass"),0)) | BA6: =IF($D6="","",IFERROR(COUNTIF(INDIRECT("'"&$D6&"'!$AN$7:$AN$500"),"Fail"),0)) | BB6: =IF($D6="","",IFERROR(COUNTIF(INDIRECT("'"&$D6&"'!$AN$7:$AN$500"),"Block"),0)) | BC6: =IF($D6="","",IFERROR(COUNTIF(INDIRECT("'"&$D6&"'!$AN$7:$AN$500"),"N/A"),0))
B7: =IF($D7="","",ROW()-3) | C7: TC_04 | D7: Giao nhận & Theo dõi đơn | E7: Giao nhận & Theo dõi đơn | F7: =IF($D7="","",IFERROR(COUNTIF(INDIRECT("'"&$D7&"'!$A$7:$A$500"),"?*"),0)) | G7: =IF($D7="","",IFERROR(COUNTIF(INDIRECT("'"&$D7&"'!$AT$7:$AT$500"),"Pass"),0)) | H7: =IF($D7="","",IFERROR(COUNTIF(INDIRECT("'"&$D7&"'!$AT$7:$AT$500"),"Fail"),0)) | I7: =IF($D7="","",IFERROR(COUNTIF(INDIRECT("'"&$D7&"'!$AT$7:$AT$500"),"Block"),0)) | J7: =IF($D7="","",IFERROR(COUNTIF(INDIRECT("'"&$D7&"'!$AT$7:$AT$500"),"N/A"),0)) | K7: =IF($D7="","",MAX(0,$F7-$G7-$H7-$I7-$J7)) | L7: =IF($D7="","",$G7+$H7+$I7+$J7) | M7: =IF($D7="","",IFERROR($L7/$F7,0)) | N7: =IF($D7="","",IFERROR($G7/$L7,0)) | O7: =IF($D7="","",IFERROR(COUNTIF(INDIRECT("'"&$D7&"'!$E$7:$E$500"),"High"),0)) | P7: =IF($D7="","",IFERROR(COUNTIF(INDIRECT("'"&$D7&"'!$E$7:$E$500"),"Medium"),0)) | Q7: =IF($D7="","",IFERROR(COUNTIF(INDIRECT("'"&$D7&"'!$E$7:$E$500"),"Low"),0)) | R7: =IF($D7="","",IFERROR(COUNTIF(INDIRECT("'"&$D7&"'!$D$7:$D$500"),"Functional"),0)) | S7: =IF($D7="","",IFERROR(COUNTIF(INDIRECT("'"&$D7&"'!$D$7:$D$500"),"UI"),0)) | T7: =IF($D7="","",IFERROR(COUNTIF(INDIRECT("'"&$D7&"'!$D$7:$D$500"),"Integration"),0)) | U7: =IF($D7="","",IFERROR(COUNTIF(INDIRECT("'"&$D7&"'!$D$7:$D$500"),"Database Test Case"),0)) | V7: =IF($D7="","",IFERROR(COUNTIF(INDIRECT("'"&$D7&"'!$J$7:$J$500"),"AI"),0)) | W7: =IF($D7="","",IFERROR(COUNTIF(INDIRECT("'"&$D7&"'!$J$7:$J$500"),"QC"),0)) | X7: =IF($D7="","",IFERROR(COUNTIF(INDIRECT("'"&$D7&"'!$L$7:$L$500"),"Yes"),0)) | Y7: =IF($D7="","",IFERROR(COUNTIF(INDIRECT("'"&$D7&"'!$AR$7:$AR$500"),"Yes"),0)) | Z7: =IF($D7="","",IFERROR(COUNTIF(INDIRECT("'"&$D7&"'!$AS$7:$AS$500"),"Pass"),0)) | AA7: =IF($D7="","",IFERROR(COUNTIF(INDIRECT("'"&$D7&"'!$K$7:$K$500"),"Reviewed"),0)) | AB7: =IF($D7="","",IFERROR(COUNTIFS(INDIRECT("'"&$D7&"'!$E$7:$E$500"),"High",INDIRECT("'"&$D7&"'!$AT$7:$AT$500"),"?*"),0)) | AC7: =IF($D7="","",IFERROR(COUNTIFS(INDIRECT("'"&$D7&"'!$E$7:$E$500"),"Medium",INDIRECT("'"&$D7&"'!$AT$7:$AT$500"),"?*"),0)) | AD7: =IF($D7="","",IFERROR(COUNTIFS(INDIRECT("'"&$D7&"'!$E$7:$E$500"),"Low",INDIRECT("'"&$D7&"'!$AT$7:$AT$500"),"?*"),0)) | AE7: =IF($D7="","",IFERROR(COUNTIF(INDIRECT("'"&$D7&"'!$P$7:$P$500"),"?*"),0)) | AF7: =IF($D7="","",IFERROR(COUNTIF(INDIRECT("'"&$D7&"'!$P$7:$P$500"),"Pass"),0)) | AG7: =IF($D7="","",IFERROR(COUNTIF(INDIRECT("'"&$D7&"'!$P$7:$P$500"),"Fail"),0)) | AH7: =IF($D7="","",IFERROR(COUNTIF(INDIRECT("'"&$D7&"'!$P$7:$P$500"),"Block"),0)) | AI7: =IF($D7="","",IFERROR(COUNTIF(INDIRECT("'"&$D7&"'!$P$7:$P$500"),"N/A"),0)) | AJ7: =IF($D7="","",IFERROR(COUNTIF(INDIRECT("'"&$D7&"'!$V$7:$V$500"),"?*"),0)) | AK7: =IF($D7="","",IFERROR(COUNTIF(INDIRECT("'"&$D7&"'!$V$7:$V$500"),"Pass"),0)) | AL7: =IF($D7="","",IFERROR(COUNTIF(INDIRECT("'"&$D7&"'!$V$7:$V$500"),"Fail"),0)) | AM7: =IF($D7="","",IFERROR(COUNTIF(INDIRECT("'"&$D7&"'!$V$7:$V$500"),"Block"),0)) | AN7: =IF($D7="","",IFERROR(COUNTIF(INDIRECT("'"&$D7&"'!$V$7:$V$500"),"N/A"),0)) | AO7: =IF($D7="","",IFERROR(COUNTIF(INDIRECT("'"&$D7&"'!$AB$7:$AB$500"),"?*"),0)) | AP7: =IF($D7="","",IFERROR(COUNTIF(INDIRECT("'"&$D7&"'!$AB$7:$AB$500"),"Pass"),0)) | AQ7: =IF($D7="","",IFERROR(COUNTIF(INDIRECT("'"&$D7&"'!$AB$7:$AB$500"),"Fail"),0)) | AR7: =IF($D7="","",IFERROR(COUNTIF(INDIRECT("'"&$D7&"'!$AB$7:$AB$500"),"Block"),0)) | AS7: =IF($D7="","",IFERROR(COUNTIF(INDIRECT("'"&$D7&"'!$AB$7:$AB$500"),"N/A"),0)) | AT7: =IF($D7="","",IFERROR(COUNTIF(INDIRECT("'"&$D7&"'!$AH$7:$AH$500"),"?*"),0)) | AU7: =IF($D7="","",IFERROR(COUNTIF(INDIRECT("'"&$D7&"'!$AH$7:$AH$500"),"Pass"),0)) | AV7: =IF($D7="","",IFERROR(COUNTIF(INDIRECT("'"&$D7&"'!$AH$7:$AH$500"),"Fail"),0)) | AW7: =IF($D7="","",IFERROR(COUNTIF(INDIRECT("'"&$D7&"'!$AH$7:$AH$500"),"Block"),0)) | AX7: =IF($D7="","",IFERROR(COUNTIF(INDIRECT("'"&$D7&"'!$AH$7:$AH$500"),"N/A"),0)) | AY7: =IF($D7="","",IFERROR(COUNTIF(INDIRECT("'"&$D7&"'!$AN$7:$AN$500"),"?*"),0)) | AZ7: =IF($D7="","",IFERROR(COUNTIF(INDIRECT("'"&$D7&"'!$AN$7:$AN$500"),"Pass"),0)) | BA7: =IF($D7="","",IFERROR(COUNTIF(INDIRECT("'"&$D7&"'!$AN$7:$AN$500"),"Fail"),0)) | BB7: =IF($D7="","",IFERROR(COUNTIF(INDIRECT("'"&$D7&"'!$AN$7:$AN$500"),"Block"),0)) | BC7: =IF($D7="","",IFERROR(COUNTIF(INDIRECT("'"&$D7&"'!$AN$7:$AN$500"),"N/A"),0))
B8: =IF($D8="","",ROW()-3) | C8: TC_05 | D8: Bảng tin & Chi tiết tin | E8: Bảng tin & Chi tiết tin | F8: =IF($D8="","",IFERROR(COUNTIF(INDIRECT("'"&$D8&"'!$A$7:$A$500"),"?*"),0)) | G8: =IF($D8="","",IFERROR(COUNTIF(INDIRECT("'"&$D8&"'!$AT$7:$AT$500"),"Pass"),0)) | H8: =IF($D8="","",IFERROR(COUNTIF(INDIRECT("'"&$D8&"'!$AT$7:$AT$500"),"Fail"),0)) | I8: =IF($D8="","",IFERROR(COUNTIF(INDIRECT("'"&$D8&"'!$AT$7:$AT$500"),"Block"),0)) | J8: =IF($D8="","",IFERROR(COUNTIF(INDIRECT("'"&$D8&"'!$AT$7:$AT$500"),"N/A"),0)) | K8: =IF($D8="","",MAX(0,$F8-$G8-$H8-$I8-$J8)) | L8: =IF($D8="","",$G8+$H8+$I8+$J8) | M8: =IF($D8="","",IFERROR($L8/$F8,0)) | N8: =IF($D8="","",IFERROR($G8/$L8,0)) | O8: =IF($D8="","",IFERROR(COUNTIF(INDIRECT("'"&$D8&"'!$E$7:$E$500"),"High"),0)) | P8: =IF($D8="","",IFERROR(COUNTIF(INDIRECT("'"&$D8&"'!$E$7:$E$500"),"Medium"),0)) | Q8: =IF($D8="","",IFERROR(COUNTIF(INDIRECT("'"&$D8&"'!$E$7:$E$500"),"Low"),0)) | R8: =IF($D8="","",IFERROR(COUNTIF(INDIRECT("'"&$D8&"'!$D$7:$D$500"),"Functional"),0)) | S8: =IF($D8="","",IFERROR(COUNTIF(INDIRECT("'"&$D8&"'!$D$7:$D$500"),"UI"),0)) | T8: =IF($D8="","",IFERROR(COUNTIF(INDIRECT("'"&$D8&"'!$D$7:$D$500"),"Integration"),0)) | U8: =IF($D8="","",IFERROR(COUNTIF(INDIRECT("'"&$D8&"'!$D$7:$D$500"),"Database Test Case"),0)) | V8: =IF($D8="","",IFERROR(COUNTIF(INDIRECT("'"&$D8&"'!$J$7:$J$500"),"AI"),0)) | W8: =IF($D8="","",IFERROR(COUNTIF(INDIRECT("'"&$D8&"'!$J$7:$J$500"),"QC"),0)) | X8: =IF($D8="","",IFERROR(COUNTIF(INDIRECT("'"&$D8&"'!$L$7:$L$500"),"Yes"),0)) | Y8: =IF($D8="","",IFERROR(COUNTIF(INDIRECT("'"&$D8&"'!$AR$7:$AR$500"),"Yes"),0)) | Z8: =IF($D8="","",IFERROR(COUNTIF(INDIRECT("'"&$D8&"'!$AS$7:$AS$500"),"Pass"),0)) | AA8: =IF($D8="","",IFERROR(COUNTIF(INDIRECT("'"&$D8&"'!$K$7:$K$500"),"Reviewed"),0)) | AB8: =IF($D8="","",IFERROR(COUNTIFS(INDIRECT("'"&$D8&"'!$E$7:$E$500"),"High",INDIRECT("'"&$D8&"'!$AT$7:$AT$500"),"?*"),0)) | AC8: =IF($D8="","",IFERROR(COUNTIFS(INDIRECT("'"&$D8&"'!$E$7:$E$500"),"Medium",INDIRECT("'"&$D8&"'!$AT$7:$AT$500"),"?*"),0)) | AD8: =IF($D8="","",IFERROR(COUNTIFS(INDIRECT("'"&$D8&"'!$E$7:$E$500"),"Low",INDIRECT("'"&$D8&"'!$AT$7:$AT$500"),"?*"),0)) | AE8: =IF($D8="","",IFERROR(COUNTIF(INDIRECT("'"&$D8&"'!$P$7:$P$500"),"?*"),0)) | AF8: =IF($D8="","",IFERROR(COUNTIF(INDIRECT("'"&$D8&"'!$P$7:$P$500"),"Pass"),0)) | AG8: =IF($D8="","",IFERROR(COUNTIF(INDIRECT("'"&$D8&"'!$P$7:$P$500"),"Fail"),0)) | AH8: =IF($D8="","",IFERROR(COUNTIF(INDIRECT("'"&$D8&"'!$P$7:$P$500"),"Block"),0)) | AI8: =IF($D8="","",IFERROR(COUNTIF(INDIRECT("'"&$D8&"'!$P$7:$P$500"),"N/A"),0)) | AJ8: =IF($D8="","",IFERROR(COUNTIF(INDIRECT("'"&$D8&"'!$V$7:$V$500"),"?*"),0)) | AK8: =IF($D8="","",IFERROR(COUNTIF(INDIRECT("'"&$D8&"'!$V$7:$V$500"),"Pass"),0)) | AL8: =IF($D8="","",IFERROR(COUNTIF(INDIRECT("'"&$D8&"'!$V$7:$V$500"),"Fail"),0)) | AM8: =IF($D8="","",IFERROR(COUNTIF(INDIRECT("'"&$D8&"'!$V$7:$V$500"),"Block"),0)) | AN8: =IF($D8="","",IFERROR(COUNTIF(INDIRECT("'"&$D8&"'!$V$7:$V$500"),"N/A"),0)) | AO8: =IF($D8="","",IFERROR(COUNTIF(INDIRECT("'"&$D8&"'!$AB$7:$AB$500"),"?*"),0)) | AP8: =IF($D8="","",IFERROR(COUNTIF(INDIRECT("'"&$D8&"'!$AB$7:$AB$500"),"Pass"),0)) | AQ8: =IF($D8="","",IFERROR(COUNTIF(INDIRECT("'"&$D8&"'!$AB$7:$AB$500"),"Fail"),0)) | AR8: =IF($D8="","",IFERROR(COUNTIF(INDIRECT("'"&$D8&"'!$AB$7:$AB$500"),"Block"),0)) | AS8: =IF($D8="","",IFERROR(COUNTIF(INDIRECT("'"&$D8&"'!$AB$7:$AB$500"),"N/A"),0)) | AT8: =IF($D8="","",IFERROR(COUNTIF(INDIRECT("'"&$D8&"'!$AH$7:$AH$500"),"?*"),0)) | AU8: =IF($D8="","",IFERROR(COUNTIF(INDIRECT("'"&$D8&"'!$AH$7:$AH$500"),"Pass"),0)) | AV8: =IF($D8="","",IFERROR(COUNTIF(INDIRECT("'"&$D8&"'!$AH$7:$AH$500"),"Fail"),0)) | AW8: =IF($D8="","",IFERROR(COUNTIF(INDIRECT("'"&$D8&"'!$AH$7:$AH$500"),"Block"),0)) | AX8: =IF($D8="","",IFERROR(COUNTIF(INDIRECT("'"&$D8&"'!$AH$7:$AH$500"),"N/A"),0)) | AY8: =IF($D8="","",IFERROR(COUNTIF(INDIRECT("'"&$D8&"'!$AN$7:$AN$500"),"?*"),0)) | AZ8: =IF($D8="","",IFERROR(COUNTIF(INDIRECT("'"&$D8&"'!$AN$7:$AN$500"),"Pass"),0)) | BA8: =IF($D8="","",IFERROR(COUNTIF(INDIRECT("'"&$D8&"'!$AN$7:$AN$500"),"Fail"),0)) | BB8: =IF($D8="","",IFERROR(COUNTIF(INDIRECT("'"&$D8&"'!$AN$7:$AN$500"),"Block"),0)) | BC8: =IF($D8="","",IFERROR(COUNTIF(INDIRECT("'"&$D8&"'!$AN$7:$AN$500"),"N/A"),0))
B9: =IF($D9="","",ROW()-3) | C9: TC_06 | D9: Quà cảm ơn | E9: Quà cảm ơn | F9: =IF($D9="","",IFERROR(COUNTIF(INDIRECT("'"&$D9&"'!$A$7:$A$500"),"?*"),0)) | G9: =IF($D9="","",IFERROR(COUNTIF(INDIRECT("'"&$D9&"'!$AT$7:$AT$500"),"Pass"),0)) | H9: =IF($D9="","",IFERROR(COUNTIF(INDIRECT("'"&$D9&"'!$AT$7:$AT$500"),"Fail"),0)) | I9: =IF($D9="","",IFERROR(COUNTIF(INDIRECT("'"&$D9&"'!$AT$7:$AT$500"),"Block"),0)) | J9: =IF($D9="","",IFERROR(COUNTIF(INDIRECT("'"&$D9&"'!$AT$7:$AT$500"),"N/A"),0)) | K9: =IF($D9="","",MAX(0,$F9-$G9-$H9-$I9-$J9)) | L9: =IF($D9="","",$G9+$H9+$I9+$J9) | M9: =IF($D9="","",IFERROR($L9/$F9,0)) | N9: =IF($D9="","",IFERROR($G9/$L9,0)) | O9: =IF($D9="","",IFERROR(COUNTIF(INDIRECT("'"&$D9&"'!$E$7:$E$500"),"High"),0)) | P9: =IF($D9="","",IFERROR(COUNTIF(INDIRECT("'"&$D9&"'!$E$7:$E$500"),"Medium"),0)) | Q9: =IF($D9="","",IFERROR(COUNTIF(INDIRECT("'"&$D9&"'!$E$7:$E$500"),"Low"),0)) | R9: =IF($D9="","",IFERROR(COUNTIF(INDIRECT("'"&$D9&"'!$D$7:$D$500"),"Functional"),0)) | S9: =IF($D9="","",IFERROR(COUNTIF(INDIRECT("'"&$D9&"'!$D$7:$D$500"),"UI"),0)) | T9: =IF($D9="","",IFERROR(COUNTIF(INDIRECT("'"&$D9&"'!$D$7:$D$500"),"Integration"),0)) | U9: =IF($D9="","",IFERROR(COUNTIF(INDIRECT("'"&$D9&"'!$D$7:$D$500"),"Database Test Case"),0)) | V9: =IF($D9="","",IFERROR(COUNTIF(INDIRECT("'"&$D9&"'!$J$7:$J$500"),"AI"),0)) | W9: =IF($D9="","",IFERROR(COUNTIF(INDIRECT("'"&$D9&"'!$J$7:$J$500"),"QC"),0)) | X9: =IF($D9="","",IFERROR(COUNTIF(INDIRECT("'"&$D9&"'!$L$7:$L$500"),"Yes"),0)) | Y9: =IF($D9="","",IFERROR(COUNTIF(INDIRECT("'"&$D9&"'!$AR$7:$AR$500"),"Yes"),0)) | Z9: =IF($D9="","",IFERROR(COUNTIF(INDIRECT("'"&$D9&"'!$AS$7:$AS$500"),"Pass"),0)) | AA9: =IF($D9="","",IFERROR(COUNTIF(INDIRECT("'"&$D9&"'!$K$7:$K$500"),"Reviewed"),0)) | AB9: =IF($D9="","",IFERROR(COUNTIFS(INDIRECT("'"&$D9&"'!$E$7:$E$500"),"High",INDIRECT("'"&$D9&"'!$AT$7:$AT$500"),"?*"),0)) | AC9: =IF($D9="","",IFERROR(COUNTIFS(INDIRECT("'"&$D9&"'!$E$7:$E$500"),"Medium",INDIRECT("'"&$D9&"'!$AT$7:$AT$500"),"?*"),0)) | AD9: =IF($D9="","",IFERROR(COUNTIFS(INDIRECT("'"&$D9&"'!$E$7:$E$500"),"Low",INDIRECT("'"&$D9&"'!$AT$7:$AT$500"),"?*"),0)) | AE9: =IF($D9="","",IFERROR(COUNTIF(INDIRECT("'"&$D9&"'!$P$7:$P$500"),"?*"),0)) | AF9: =IF($D9="","",IFERROR(COUNTIF(INDIRECT("'"&$D9&"'!$P$7:$P$500"),"Pass"),0)) | AG9: =IF($D9="","",IFERROR(COUNTIF(INDIRECT("'"&$D9&"'!$P$7:$P$500"),"Fail"),0)) | AH9: =IF($D9="","",IFERROR(COUNTIF(INDIRECT("'"&$D9&"'!$P$7:$P$500"),"Block"),0)) | AI9: =IF($D9="","",IFERROR(COUNTIF(INDIRECT("'"&$D9&"'!$P$7:$P$500"),"N/A"),0)) | AJ9: =IF($D9="","",IFERROR(COUNTIF(INDIRECT("'"&$D9&"'!$V$7:$V$500"),"?*"),0)) | AK9: =IF($D9="","",IFERROR(COUNTIF(INDIRECT("'"&$D9&"'!$V$7:$V$500"),"Pass"),0)) | AL9: =IF($D9="","",IFERROR(COUNTIF(INDIRECT("'"&$D9&"'!$V$7:$V$500"),"Fail"),0)) | AM9: =IF($D9="","",IFERROR(COUNTIF(INDIRECT("'"&$D9&"'!$V$7:$V$500"),"Block"),0)) | AN9: =IF($D9="","",IFERROR(COUNTIF(INDIRECT("'"&$D9&"'!$V$7:$V$500"),"N/A"),0)) | AO9: =IF($D9="","",IFERROR(COUNTIF(INDIRECT("'"&$D9&"'!$AB$7:$AB$500"),"?*"),0)) | AP9: =IF($D9="","",IFERROR(COUNTIF(INDIRECT("'"&$D9&"'!$AB$7:$AB$500"),"Pass"),0)) | AQ9: =IF($D9="","",IFERROR(COUNTIF(INDIRECT("'"&$D9&"'!$AB$7:$AB$500"),"Fail"),0)) | AR9: =IF($D9="","",IFERROR(COUNTIF(INDIRECT("'"&$D9&"'!$AB$7:$AB$500"),"Block"),0)) | AS9: =IF($D9="","",IFERROR(COUNTIF(INDIRECT("'"&$D9&"'!$AB$7:$AB$500"),"N/A"),0)) | AT9: =IF($D9="","",IFERROR(COUNTIF(INDIRECT("'"&$D9&"'!$AH$7:$AH$500"),"?*"),0)) | AU9: =IF($D9="","",IFERROR(COUNTIF(INDIRECT("'"&$D9&"'!$AH$7:$AH$500"),"Pass"),0)) | AV9: =IF($D9="","",IFERROR(COUNTIF(INDIRECT("'"&$D9&"'!$AH$7:$AH$500"),"Fail"),0)) | AW9: =IF($D9="","",IFERROR(COUNTIF(INDIRECT("'"&$D9&"'!$AH$7:$AH$500"),"Block"),0)) | AX9: =IF($D9="","",IFERROR(COUNTIF(INDIRECT("'"&$D9&"'!$AH$7:$AH$500"),"N/A"),0)) | AY9: =IF($D9="","",IFERROR(COUNTIF(INDIRECT("'"&$D9&"'!$AN$7:$AN$500"),"?*"),0)) | AZ9: =IF($D9="","",IFERROR(COUNTIF(INDIRECT("'"&$D9&"'!$AN$7:$AN$500"),"Pass"),0)) | BA9: =IF($D9="","",IFERROR(COUNTIF(INDIRECT("'"&$D9&"'!$AN$7:$AN$500"),"Fail"),0)) | BB9: =IF($D9="","",IFERROR(COUNTIF(INDIRECT("'"&$D9&"'!$AN$7:$AN$500"),"Block"),0)) | BC9: =IF($D9="","",IFERROR(COUNTIF(INDIRECT("'"&$D9&"'!$AN$7:$AN$500"),"N/A"),0))
B10: =IF($D10="","",ROW()-3) | C10: TC_07 | D10: Trang chủ | E10: Trang chủ | F10: =IF($D10="","",IFERROR(COUNTIF(INDIRECT("'"&$D10&"'!$A$7:$A$500"),"?*"),0)) | G10: =IF($D10="","",IFERROR(COUNTIF(INDIRECT("'"&$D10&"'!$AT$7:$AT$500"),"Pass"),0)) | H10: =IF($D10="","",IFERROR(COUNTIF(INDIRECT("'"&$D10&"'!$AT$7:$AT$500"),"Fail"),0)) | I10: =IF($D10="","",IFERROR(COUNTIF(INDIRECT("'"&$D10&"'!$AT$7:$AT$500"),"Block"),0)) | J10: =IF($D10="","",IFERROR(COUNTIF(INDIRECT("'"&$D10&"'!$AT$7:$AT$500"),"N/A"),0)) | K10: =IF($D10="","",MAX(0,$F10-$G10-$H10-$I10-$J10)) | L10: =IF($D10="","",$G10+$H10+$I10+$J10) | M10: =IF($D10="","",IFERROR($L10/$F10,0)) | N10: =IF($D10="","",IFERROR($G10/$L10,0)) | O10: =IF($D10="","",IFERROR(COUNTIF(INDIRECT("'"&$D10&"'!$E$7:$E$500"),"High"),0)) | P10: =IF($D10="","",IFERROR(COUNTIF(INDIRECT("'"&$D10&"'!$E$7:$E$500"),"Medium"),0)) | Q10: =IF($D10="","",IFERROR(COUNTIF(INDIRECT("'"&$D10&"'!$E$7:$E$500"),"Low"),0)) | R10: =IF($D10="","",IFERROR(COUNTIF(INDIRECT("'"&$D10&"'!$D$7:$D$500"),"Functional"),0)) | S10: =IF($D10="","",IFERROR(COUNTIF(INDIRECT("'"&$D10&"'!$D$7:$D$500"),"UI"),0)) | T10: =IF($D10="","",IFERROR(COUNTIF(INDIRECT("'"&$D10&"'!$D$7:$D$500"),"Integration"),0)) | U10: =IF($D10="","",IFERROR(COUNTIF(INDIRECT("'"&$D10&"'!$D$7:$D$500"),"Database Test Case"),0)) | V10: =IF($D10="","",IFERROR(COUNTIF(INDIRECT("'"&$D10&"'!$J$7:$J$500"),"AI"),0)) | W10: =IF($D10="","",IFERROR(COUNTIF(INDIRECT("'"&$D10&"'!$J$7:$J$500"),"QC"),0)) | X10: =IF($D10="","",IFERROR(COUNTIF(INDIRECT("'"&$D10&"'!$L$7:$L$500"),"Yes"),0)) | Y10: =IF($D10="","",IFERROR(COUNTIF(INDIRECT("'"&$D10&"'!$AR$7:$AR$500"),"Yes"),0)) | Z10: =IF($D10="","",IFERROR(COUNTIF(INDIRECT("'"&$D10&"'!$AS$7:$AS$500"),"Pass"),0)) | AA10: =IF($D10="","",IFERROR(COUNTIF(INDIRECT("'"&$D10&"'!$K$7:$K$500"),"Reviewed"),0)) | AB10: =IF($D10="","",IFERROR(COUNTIFS(INDIRECT("'"&$D10&"'!$E$7:$E$500"),"High",INDIRECT("'"&$D10&"'!$AT$7:$AT$500"),"?*"),0)) | AC10: =IF($D10="","",IFERROR(COUNTIFS(INDIRECT("'"&$D10&"'!$E$7:$E$500"),"Medium",INDIRECT("'"&$D10&"'!$AT$7:$AT$500"),"?*"),0)) | AD10: =IF($D10="","",IFERROR(COUNTIFS(INDIRECT("'"&$D10&"'!$E$7:$E$500"),"Low",INDIRECT("'"&$D10&"'!$AT$7:$AT$500"),"?*"),0)) | AE10: =IF($D10="","",IFERROR(COUNTIF(INDIRECT("'"&$D10&"'!$P$7:$P$500"),"?*"),0)) | AF10: =IF($D10="","",IFERROR(COUNTIF(INDIRECT("'"&$D10&"'!$P$7:$P$500"),"Pass"),0)) | AG10: =IF($D10="","",IFERROR(COUNTIF(INDIRECT("'"&$D10&"'!$P$7:$P$500"),"Fail"),0)) | AH10: =IF($D10="","",IFERROR(COUNTIF(INDIRECT("'"&$D10&"'!$P$7:$P$500"),"Block"),0)) | AI10: =IF($D10="","",IFERROR(COUNTIF(INDIRECT("'"&$D10&"'!$P$7:$P$500"),"N/A"),0)) | AJ10: =IF($D10="","",IFERROR(COUNTIF(INDIRECT("'"&$D10&"'!$V$7:$V$500"),"?*"),0)) | AK10: =IF($D10="","",IFERROR(COUNTIF(INDIRECT("'"&$D10&"'!$V$7:$V$500"),"Pass"),0)) | AL10: =IF($D10="","",IFERROR(COUNTIF(INDIRECT("'"&$D10&"'!$V$7:$V$500"),"Fail"),0)) | AM10: =IF($D10="","",IFERROR(COUNTIF(INDIRECT("'"&$D10&"'!$V$7:$V$500"),"Block"),0)) | AN10: =IF($D10="","",IFERROR(COUNTIF(INDIRECT("'"&$D10&"'!$V$7:$V$500"),"N/A"),0)) | AO10: =IF($D10="","",IFERROR(COUNTIF(INDIRECT("'"&$D10&"'!$AB$7:$AB$500"),"?*"),0)) | AP10: =IF($D10="","",IFERROR(COUNTIF(INDIRECT("'"&$D10&"'!$AB$7:$AB$500"),"Pass"),0)) | AQ10: =IF($D10="","",IFERROR(COUNTIF(INDIRECT("'"&$D10&"'!$AB$7:$AB$500"),"Fail"),0)) | AR10: =IF($D10="","",IFERROR(COUNTIF(INDIRECT("'"&$D10&"'!$AB$7:$AB$500"),"Block"),0)) | AS10: =IF($D10="","",IFERROR(COUNTIF(INDIRECT("'"&$D10&"'!$AB$7:$AB$500"),"N/A"),0)) | AT10: =IF($D10="","",IFERROR(COUNTIF(INDIRECT("'"&$D10&"'!$AH$7:$AH$500"),"?*"),0)) | AU10: =IF($D10="","",IFERROR(COUNTIF(INDIRECT("'"&$D10&"'!$AH$7:$AH$500"),"Pass"),0)) | AV10: =IF($D10="","",IFERROR(COUNTIF(INDIRECT("'"&$D10&"'!$AH$7:$AH$500"),"Fail"),0)) | AW10: =IF($D10="","",IFERROR(COUNTIF(INDIRECT("'"&$D10&"'!$AH$7:$AH$500"),"Block"),0)) | AX10: =IF($D10="","",IFERROR(COUNTIF(INDIRECT("'"&$D10&"'!$AH$7:$AH$500"),"N/A"),0)) | AY10: =IF($D10="","",IFERROR(COUNTIF(INDIRECT("'"&$D10&"'!$AN$7:$AN$500"),"?*"),0)) | AZ10: =IF($D10="","",IFERROR(COUNTIF(INDIRECT("'"&$D10&"'!$AN$7:$AN$500"),"Pass"),0)) | BA10: =IF($D10="","",IFERROR(COUNTIF(INDIRECT("'"&$D10&"'!$AN$7:$AN$500"),"Fail"),0)) | BB10: =IF($D10="","",IFERROR(COUNTIF(INDIRECT("'"&$D10&"'!$AN$7:$AN$500"),"Block"),0)) | BC10: =IF($D10="","",IFERROR(COUNTIF(INDIRECT("'"&$D10&"'!$AN$7:$AN$500"),"N/A"),0))
B11: =IF($D11="","",ROW()-3) | C11: TC_08 | D11: Thông báo | E11: Thông báo | F11: =IF($D11="","",IFERROR(COUNTIF(INDIRECT("'"&$D11&"'!$A$7:$A$500"),"?*"),0)) | G11: =IF($D11="","",IFERROR(COUNTIF(INDIRECT("'"&$D11&"'!$AT$7:$AT$500"),"Pass"),0)) | H11: =IF($D11="","",IFERROR(COUNTIF(INDIRECT("'"&$D11&"'!$AT$7:$AT$500"),"Fail"),0)) | I11: =IF($D11="","",IFERROR(COUNTIF(INDIRECT("'"&$D11&"'!$AT$7:$AT$500"),"Block"),0)) | J11: =IF($D11="","",IFERROR(COUNTIF(INDIRECT("'"&$D11&"'!$AT$7:$AT$500"),"N/A"),0)) | K11: =IF($D11="","",MAX(0,$F11-$G11-$H11-$I11-$J11)) | L11: =IF($D11="","",$G11+$H11+$I11+$J11) | M11: =IF($D11="","",IFERROR($L11/$F11,0)) | N11: =IF($D11="","",IFERROR($G11/$L11,0)) | O11: =IF($D11="","",IFERROR(COUNTIF(INDIRECT("'"&$D11&"'!$E$7:$E$500"),"High"),0)) | P11: =IF($D11="","",IFERROR(COUNTIF(INDIRECT("'"&$D11&"'!$E$7:$E$500"),"Medium"),0)) | Q11: =IF($D11="","",IFERROR(COUNTIF(INDIRECT("'"&$D11&"'!$E$7:$E$500"),"Low"),0)) | R11: =IF($D11="","",IFERROR(COUNTIF(INDIRECT("'"&$D11&"'!$D$7:$D$500"),"Functional"),0)) | S11: =IF($D11="","",IFERROR(COUNTIF(INDIRECT("'"&$D11&"'!$D$7:$D$500"),"UI"),0)) | T11: =IF($D11="","",IFERROR(COUNTIF(INDIRECT("'"&$D11&"'!$D$7:$D$500"),"Integration"),0)) | U11: =IF($D11="","",IFERROR(COUNTIF(INDIRECT("'"&$D11&"'!$D$7:$D$500"),"Database Test Case"),0)) | V11: =IF($D11="","",IFERROR(COUNTIF(INDIRECT("'"&$D11&"'!$J$7:$J$500"),"AI"),0)) | W11: =IF($D11="","",IFERROR(COUNTIF(INDIRECT("'"&$D11&"'!$J$7:$J$500"),"QC"),0)) | X11: =IF($D11="","",IFERROR(COUNTIF(INDIRECT("'"&$D11&"'!$L$7:$L$500"),"Yes"),0)) | Y11: =IF($D11="","",IFERROR(COUNTIF(INDIRECT("'"&$D11&"'!$AR$7:$AR$500"),"Yes"),0)) | Z11: =IF($D11="","",IFERROR(COUNTIF(INDIRECT("'"&$D11&"'!$AS$7:$AS$500"),"Pass"),0)) | AA11: =IF($D11="","",IFERROR(COUNTIF(INDIRECT("'"&$D11&"'!$K$7:$K$500"),"Reviewed"),0)) | AB11: =IF($D11="","",IFERROR(COUNTIFS(INDIRECT("'"&$D11&"'!$E$7:$E$500"),"High",INDIRECT("'"&$D11&"'!$AT$7:$AT$500"),"?*"),0)) | AC11: =IF($D11="","",IFERROR(COUNTIFS(INDIRECT("'"&$D11&"'!$E$7:$E$500"),"Medium",INDIRECT("'"&$D11&"'!$AT$7:$AT$500"),"?*"),0)) | AD11: =IF($D11="","",IFERROR(COUNTIFS(INDIRECT("'"&$D11&"'!$E$7:$E$500"),"Low",INDIRECT("'"&$D11&"'!$AT$7:$AT$500"),"?*"),0)) | AE11: =IF($D11="","",IFERROR(COUNTIF(INDIRECT("'"&$D11&"'!$P$7:$P$500"),"?*"),0)) | AF11: =IF($D11="","",IFERROR(COUNTIF(INDIRECT("'"&$D11&"'!$P$7:$P$500"),"Pass"),0)) | AG11: =IF($D11="","",IFERROR(COUNTIF(INDIRECT("'"&$D11&"'!$P$7:$P$500"),"Fail"),0)) | AH11: =IF($D11="","",IFERROR(COUNTIF(INDIRECT("'"&$D11&"'!$P$7:$P$500"),"Block"),0)) | AI11: =IF($D11="","",IFERROR(COUNTIF(INDIRECT("'"&$D11&"'!$P$7:$P$500"),"N/A"),0)) | AJ11: =IF($D11="","",IFERROR(COUNTIF(INDIRECT("'"&$D11&"'!$V$7:$V$500"),"?*"),0)) | AK11: =IF($D11="","",IFERROR(COUNTIF(INDIRECT("'"&$D11&"'!$V$7:$V$500"),"Pass"),0)) | AL11: =IF($D11="","",IFERROR(COUNTIF(INDIRECT("'"&$D11&"'!$V$7:$V$500"),"Fail"),0)) | AM11: =IF($D11="","",IFERROR(COUNTIF(INDIRECT("'"&$D11&"'!$V$7:$V$500"),"Block"),0)) | AN11: =IF($D11="","",IFERROR(COUNTIF(INDIRECT("'"&$D11&"'!$V$7:$V$500"),"N/A"),0)) | AO11: =IF($D11="","",IFERROR(COUNTIF(INDIRECT("'"&$D11&"'!$AB$7:$AB$500"),"?*"),0)) | AP11: =IF($D11="","",IFERROR(COUNTIF(INDIRECT("'"&$D11&"'!$AB$7:$AB$500"),"Pass"),0)) | AQ11: =IF($D11="","",IFERROR(COUNTIF(INDIRECT("'"&$D11&"'!$AB$7:$AB$500"),"Fail"),0)) | AR11: =IF($D11="","",IFERROR(COUNTIF(INDIRECT("'"&$D11&"'!$AB$7:$AB$500"),"Block"),0)) | AS11: =IF($D11="","",IFERROR(COUNTIF(INDIRECT("'"&$D11&"'!$AB$7:$AB$500"),"N/A"),0)) | AT11: =IF($D11="","",IFERROR(COUNTIF(INDIRECT("'"&$D11&"'!$AH$7:$AH$500"),"?*"),0)) | AU11: =IF($D11="","",IFERROR(COUNTIF(INDIRECT("'"&$D11&"'!$AH$7:$AH$500"),"Pass"),0)) | AV11: =IF($D11="","",IFERROR(COUNTIF(INDIRECT("'"&$D11&"'!$AH$7:$AH$500"),"Fail"),0)) | AW11: =IF($D11="","",IFERROR(COUNTIF(INDIRECT("'"&$D11&"'!$AH$7:$AH$500"),"Block"),0)) | AX11: =IF($D11="","",IFERROR(COUNTIF(INDIRECT("'"&$D11&"'!$AH$7:$AH$500"),"N/A"),0)) | AY11: =IF($D11="","",IFERROR(COUNTIF(INDIRECT("'"&$D11&"'!$AN$7:$AN$500"),"?*"),0)) | AZ11: =IF($D11="","",IFERROR(COUNTIF(INDIRECT("'"&$D11&"'!$AN$7:$AN$500"),"Pass"),0)) | BA11: =IF($D11="","",IFERROR(COUNTIF(INDIRECT("'"&$D11&"'!$AN$7:$AN$500"),"Fail"),0)) | BB11: =IF($D11="","",IFERROR(COUNTIF(INDIRECT("'"&$D11&"'!$AN$7:$AN$500"),"Block"),0)) | BC11: =IF($D11="","",IFERROR(COUNTIF(INDIRECT("'"&$D11&"'!$AN$7:$AN$500"),"N/A"),0))
B12: =IF($D12="","",ROW()-3) | C12: TC_09 | D12: Đăng tin & Quản lý tin | E12: Đăng tin & Quản lý tin | F12: =IF($D12="","",IFERROR(COUNTIF(INDIRECT("'"&$D12&"'!$A$7:$A$500"),"?*"),0)) | G12: =IF($D12="","",IFERROR(COUNTIF(INDIRECT("'"&$D12&"'!$AT$7:$AT$500"),"Pass"),0)) | H12: =IF($D12="","",IFERROR(COUNTIF(INDIRECT("'"&$D12&"'!$AT$7:$AT$500"),"Fail"),0)) | I12: =IF($D12="","",IFERROR(COUNTIF(INDIRECT("'"&$D12&"'!$AT$7:$AT$500"),"Block"),0)) | J12: =IF($D12="","",IFERROR(COUNTIF(INDIRECT("'"&$D12&"'!$AT$7:$AT$500"),"N/A"),0)) | K12: =IF($D12="","",MAX(0,$F12-$G12-$H12-$I12-$J12)) | L12: =IF($D12="","",$G12+$H12+$I12+$J12) | M12: =IF($D12="","",IFERROR($L12/$F12,0)) | N12: =IF($D12="","",IFERROR($G12/$L12,0)) | O12: =IF($D12="","",IFERROR(COUNTIF(INDIRECT("'"&$D12&"'!$E$7:$E$500"),"High"),0)) | P12: =IF($D12="","",IFERROR(COUNTIF(INDIRECT("'"&$D12&"'!$E$7:$E$500"),"Medium"),0)) | Q12: =IF($D12="","",IFERROR(COUNTIF(INDIRECT("'"&$D12&"'!$E$7:$E$500"),"Low"),0)) | R12: =IF($D12="","",IFERROR(COUNTIF(INDIRECT("'"&$D12&"'!$D$7:$D$500"),"Functional"),0)) | S12: =IF($D12="","",IFERROR(COUNTIF(INDIRECT("'"&$D12&"'!$D$7:$D$500"),"UI"),0)) | T12: =IF($D12="","",IFERROR(COUNTIF(INDIRECT("'"&$D12&"'!$D$7:$D$500"),"Integration"),0)) | U12: =IF($D12="","",IFERROR(COUNTIF(INDIRECT("'"&$D12&"'!$D$7:$D$500"),"Database Test Case"),0)) | V12: =IF($D12="","",IFERROR(COUNTIF(INDIRECT("'"&$D12&"'!$J$7:$J$500"),"AI"),0)) | W12: =IF($D12="","",IFERROR(COUNTIF(INDIRECT("'"&$D12&"'!$J$7:$J$500"),"QC"),0)) | X12: =IF($D12="","",IFERROR(COUNTIF(INDIRECT("'"&$D12&"'!$L$7:$L$500"),"Yes"),0)) | Y12: =IF($D12="","",IFERROR(COUNTIF(INDIRECT("'"&$D12&"'!$AR$7:$AR$500"),"Yes"),0)) | Z12: =IF($D12="","",IFERROR(COUNTIF(INDIRECT("'"&$D12&"'!$AS$7:$AS$500"),"Pass"),0)) | AA12: =IF($D12="","",IFERROR(COUNTIF(INDIRECT("'"&$D12&"'!$K$7:$K$500"),"Reviewed"),0)) | AB12: =IF($D12="","",IFERROR(COUNTIFS(INDIRECT("'"&$D12&"'!$E$7:$E$500"),"High",INDIRECT("'"&$D12&"'!$AT$7:$AT$500"),"?*"),0)) | AC12: =IF($D12="","",IFERROR(COUNTIFS(INDIRECT("'"&$D12&"'!$E$7:$E$500"),"Medium",INDIRECT("'"&$D12&"'!$AT$7:$AT$500"),"?*"),0)) | AD12: =IF($D12="","",IFERROR(COUNTIFS(INDIRECT("'"&$D12&"'!$E$7:$E$500"),"Low",INDIRECT("'"&$D12&"'!$AT$7:$AT$500"),"?*"),0)) | AE12: =IF($D12="","",IFERROR(COUNTIF(INDIRECT("'"&$D12&"'!$P$7:$P$500"),"?*"),0)) | AF12: =IF($D12="","",IFERROR(COUNTIF(INDIRECT("'"&$D12&"'!$P$7:$P$500"),"Pass"),0)) | AG12: =IF($D12="","",IFERROR(COUNTIF(INDIRECT("'"&$D12&"'!$P$7:$P$500"),"Fail"),0)) | AH12: =IF($D12="","",IFERROR(COUNTIF(INDIRECT("'"&$D12&"'!$P$7:$P$500"),"Block"),0)) | AI12: =IF($D12="","",IFERROR(COUNTIF(INDIRECT("'"&$D12&"'!$P$7:$P$500"),"N/A"),0)) | AJ12: =IF($D12="","",IFERROR(COUNTIF(INDIRECT("'"&$D12&"'!$V$7:$V$500"),"?*"),0)) | AK12: =IF($D12="","",IFERROR(COUNTIF(INDIRECT("'"&$D12&"'!$V$7:$V$500"),"Pass"),0)) | AL12: =IF($D12="","",IFERROR(COUNTIF(INDIRECT("'"&$D12&"'!$V$7:$V$500"),"Fail"),0)) | AM12: =IF($D12="","",IFERROR(COUNTIF(INDIRECT("'"&$D12&"'!$V$7:$V$500"),"Block"),0)) | AN12: =IF($D12="","",IFERROR(COUNTIF(INDIRECT("'"&$D12&"'!$V$7:$V$500"),"N/A"),0)) | AO12: =IF($D12="","",IFERROR(COUNTIF(INDIRECT("'"&$D12&"'!$AB$7:$AB$500"),"?*"),0)) | AP12: =IF($D12="","",IFERROR(COUNTIF(INDIRECT("'"&$D12&"'!$AB$7:$AB$500"),"Pass"),0)) | AQ12: =IF($D12="","",IFERROR(COUNTIF(INDIRECT("'"&$D12&"'!$AB$7:$AB$500"),"Fail"),0)) | AR12: =IF($D12="","",IFERROR(COUNTIF(INDIRECT("'"&$D12&"'!$AB$7:$AB$500"),"Block"),0)) | AS12: =IF($D12="","",IFERROR(COUNTIF(INDIRECT("'"&$D12&"'!$AB$7:$AB$500"),"N/A"),0)) | AT12: =IF($D12="","",IFERROR(COUNTIF(INDIRECT("'"&$D12&"'!$AH$7:$AH$500"),"?*"),0)) | AU12: =IF($D12="","",IFERROR(COUNTIF(INDIRECT("'"&$D12&"'!$AH$7:$AH$500"),"Pass"),0)) | AV12: =IF($D12="","",IFERROR(COUNTIF(INDIRECT("'"&$D12&"'!$AH$7:$AH$500"),"Fail"),0)) | AW12: =IF($D12="","",IFERROR(COUNTIF(INDIRECT("'"&$D12&"'!$AH$7:$AH$500"),"Block"),0)) | AX12: =IF($D12="","",IFERROR(COUNTIF(INDIRECT("'"&$D12&"'!$AH$7:$AH$500"),"N/A"),0)) | AY12: =IF($D12="","",IFERROR(COUNTIF(INDIRECT("'"&$D12&"'!$AN$7:$AN$500"),"?*"),0)) | AZ12: =IF($D12="","",IFERROR(COUNTIF(INDIRECT("'"&$D12&"'!$AN$7:$AN$500"),"Pass"),0)) | BA12: =IF($D12="","",IFERROR(COUNTIF(INDIRECT("'"&$D12&"'!$AN$7:$AN$500"),"Fail"),0)) | BB12: =IF($D12="","",IFERROR(COUNTIF(INDIRECT("'"&$D12&"'!$AN$7:$AN$500"),"Block"),0)) | BC12: =IF($D12="","",IFERROR(COUNTIF(INDIRECT("'"&$D12&"'!$AN$7:$AN$500"),"N/A"),0))
B13: =IF($D13="","",ROW()-3) | C13: TC_10 | D13: Trust & Safety | E13: Trust & Safety | F13: =IF($D13="","",IFERROR(COUNTIF(INDIRECT("'"&$D13&"'!$A$7:$A$500"),"?*"),0)) | G13: =IF($D13="","",IFERROR(COUNTIF(INDIRECT("'"&$D13&"'!$AT$7:$AT$500"),"Pass"),0)) | H13: =IF($D13="","",IFERROR(COUNTIF(INDIRECT("'"&$D13&"'!$AT$7:$AT$500"),"Fail"),0)) | I13: =IF($D13="","",IFERROR(COUNTIF(INDIRECT("'"&$D13&"'!$AT$7:$AT$500"),"Block"),0)) | J13: =IF($D13="","",IFERROR(COUNTIF(INDIRECT("'"&$D13&"'!$AT$7:$AT$500"),"N/A"),0)) | K13: =IF($D13="","",MAX(0,$F13-$G13-$H13-$I13-$J13)) | L13: =IF($D13="","",$G13+$H13+$I13+$J13) | M13: =IF($D13="","",IFERROR($L13/$F13,0)) | N13: =IF($D13="","",IFERROR($G13/$L13,0)) | O13: =IF($D13="","",IFERROR(COUNTIF(INDIRECT("'"&$D13&"'!$E$7:$E$500"),"High"),0)) | P13: =IF($D13="","",IFERROR(COUNTIF(INDIRECT("'"&$D13&"'!$E$7:$E$500"),"Medium"),0)) | Q13: =IF($D13="","",IFERROR(COUNTIF(INDIRECT("'"&$D13&"'!$E$7:$E$500"),"Low"),0)) | R13: =IF($D13="","",IFERROR(COUNTIF(INDIRECT("'"&$D13&"'!$D$7:$D$500"),"Functional"),0)) | S13: =IF($D13="","",IFERROR(COUNTIF(INDIRECT("'"&$D13&"'!$D$7:$D$500"),"UI"),0)) | T13: =IF($D13="","",IFERROR(COUNTIF(INDIRECT("'"&$D13&"'!$D$7:$D$500"),"Integration"),0)) | U13: =IF($D13="","",IFERROR(COUNTIF(INDIRECT("'"&$D13&"'!$D$7:$D$500"),"Database Test Case"),0)) | V13: =IF($D13="","",IFERROR(COUNTIF(INDIRECT("'"&$D13&"'!$J$7:$J$500"),"AI"),0)) | W13: =IF($D13="","",IFERROR(COUNTIF(INDIRECT("'"&$D13&"'!$J$7:$J$500"),"QC"),0)) | X13: =IF($D13="","",IFERROR(COUNTIF(INDIRECT("'"&$D13&"'!$L$7:$L$500"),"Yes"),0)) | Y13: =IF($D13="","",IFERROR(COUNTIF(INDIRECT("'"&$D13&"'!$AR$7:$AR$500"),"Yes"),0)) | Z13: =IF($D13="","",IFERROR(COUNTIF(INDIRECT("'"&$D13&"'!$AS$7:$AS$500"),"Pass"),0)) | AA13: =IF($D13="","",IFERROR(COUNTIF(INDIRECT("'"&$D13&"'!$K$7:$K$500"),"Reviewed"),0)) | AB13: =IF($D13="","",IFERROR(COUNTIFS(INDIRECT("'"&$D13&"'!$E$7:$E$500"),"High",INDIRECT("'"&$D13&"'!$AT$7:$AT$500"),"?*"),0)) | AC13: =IF($D13="","",IFERROR(COUNTIFS(INDIRECT("'"&$D13&"'!$E$7:$E$500"),"Medium",INDIRECT("'"&$D13&"'!$AT$7:$AT$500"),"?*"),0)) | AD13: =IF($D13="","",IFERROR(COUNTIFS(INDIRECT("'"&$D13&"'!$E$7:$E$500"),"Low",INDIRECT("'"&$D13&"'!$AT$7:$AT$500"),"?*"),0)) | AE13: =IF($D13="","",IFERROR(COUNTIF(INDIRECT("'"&$D13&"'!$P$7:$P$500"),"?*"),0)) | AF13: =IF($D13="","",IFERROR(COUNTIF(INDIRECT("'"&$D13&"'!$P$7:$P$500"),"Pass"),0)) | AG13: =IF($D13="","",IFERROR(COUNTIF(INDIRECT("'"&$D13&"'!$P$7:$P$500"),"Fail"),0)) | AH13: =IF($D13="","",IFERROR(COUNTIF(INDIRECT("'"&$D13&"'!$P$7:$P$500"),"Block"),0)) | AI13: =IF($D13="","",IFERROR(COUNTIF(INDIRECT("'"&$D13&"'!$P$7:$P$500"),"N/A"),0)) | AJ13: =IF($D13="","",IFERROR(COUNTIF(INDIRECT("'"&$D13&"'!$V$7:$V$500"),"?*"),0)) | AK13: =IF($D13="","",IFERROR(COUNTIF(INDIRECT("'"&$D13&"'!$V$7:$V$500"),"Pass"),0)) | AL13: =IF($D13="","",IFERROR(COUNTIF(INDIRECT("'"&$D13&"'!$V$7:$V$500"),"Fail"),0)) | AM13: =IF($D13="","",IFERROR(COUNTIF(INDIRECT("'"&$D13&"'!$V$7:$V$500"),"Block"),0)) | AN13: =IF($D13="","",IFERROR(COUNTIF(INDIRECT("'"&$D13&"'!$V$7:$V$500"),"N/A"),0)) | AO13: =IF($D13="","",IFERROR(COUNTIF(INDIRECT("'"&$D13&"'!$AB$7:$AB$500"),"?*"),0)) | AP13: =IF($D13="","",IFERROR(COUNTIF(INDIRECT("'"&$D13&"'!$AB$7:$AB$500"),"Pass"),0)) | AQ13: =IF($D13="","",IFERROR(COUNTIF(INDIRECT("'"&$D13&"'!$AB$7:$AB$500"),"Fail"),0)) | AR13: =IF($D13="","",IFERROR(COUNTIF(INDIRECT("'"&$D13&"'!$AB$7:$AB$500"),"Block"),0)) | AS13: =IF($D13="","",IFERROR(COUNTIF(INDIRECT("'"&$D13&"'!$AB$7:$AB$500"),"N/A"),0)) | AT13: =IF($D13="","",IFERROR(COUNTIF(INDIRECT("'"&$D13&"'!$AH$7:$AH$500"),"?*"),0)) | AU13: =IF($D13="","",IFERROR(COUNTIF(INDIRECT("'"&$D13&"'!$AH$7:$AH$500"),"Pass"),0)) | AV13: =IF($D13="","",IFERROR(COUNTIF(INDIRECT("'"&$D13&"'!$AH$7:$AH$500"),"Fail"),0)) | AW13: =IF($D13="","",IFERROR(COUNTIF(INDIRECT("'"&$D13&"'!$AH$7:$AH$500"),"Block"),0)) | AX13: =IF($D13="","",IFERROR(COUNTIF(INDIRECT("'"&$D13&"'!$AH$7:$AH$500"),"N/A"),0)) | AY13: =IF($D13="","",IFERROR(COUNTIF(INDIRECT("'"&$D13&"'!$AN$7:$AN$500"),"?*"),0)) | AZ13: =IF($D13="","",IFERROR(COUNTIF(INDIRECT("'"&$D13&"'!$AN$7:$AN$500"),"Pass"),0)) | BA13: =IF($D13="","",IFERROR(COUNTIF(INDIRECT("'"&$D13&"'!$AN$7:$AN$500"),"Fail"),0)) | BB13: =IF($D13="","",IFERROR(COUNTIF(INDIRECT("'"&$D13&"'!$AN$7:$AN$500"),"Block"),0)) | BC13: =IF($D13="","",IFERROR(COUNTIF(INDIRECT("'"&$D13&"'!$AN$7:$AN$500"),"N/A"),0))
B14: =IF($D14="","",ROW()-3) | C14: TC_11 | D14: Tài khoản & Hồ sơ | E14: Tài khoản & Hồ sơ | F14: =IF($D14="","",IFERROR(COUNTIF(INDIRECT("'"&$D14&"'!$A$7:$A$500"),"?*"),0)) | G14: =IF($D14="","",IFERROR(COUNTIF(INDIRECT("'"&$D14&"'!$AT$7:$AT$500"),"Pass"),0)) | H14: =IF($D14="","",IFERROR(COUNTIF(INDIRECT("'"&$D14&"'!$AT$7:$AT$500"),"Fail"),0)) | I14: =IF($D14="","",IFERROR(COUNTIF(INDIRECT("'"&$D14&"'!$AT$7:$AT$500"),"Block"),0)) | J14: =IF($D14="","",IFERROR(COUNTIF(INDIRECT("'"&$D14&"'!$AT$7:$AT$500"),"N/A"),0)) | K14: =IF($D14="","",MAX(0,$F14-$G14-$H14-$I14-$J14)) | L14: =IF($D14="","",$G14+$H14+$I14+$J14) | M14: =IF($D14="","",IFERROR($L14/$F14,0)) | N14: =IF($D14="","",IFERROR($G14/$L14,0)) | O14: =IF($D14="","",IFERROR(COUNTIF(INDIRECT("'"&$D14&"'!$E$7:$E$500"),"High"),0)) | P14: =IF($D14="","",IFERROR(COUNTIF(INDIRECT("'"&$D14&"'!$E$7:$E$500"),"Medium"),0)) | Q14: =IF($D14="","",IFERROR(COUNTIF(INDIRECT("'"&$D14&"'!$E$7:$E$500"),"Low"),0)) | R14: =IF($D14="","",IFERROR(COUNTIF(INDIRECT("'"&$D14&"'!$D$7:$D$500"),"Functional"),0)) | S14: =IF($D14="","",IFERROR(COUNTIF(INDIRECT("'"&$D14&"'!$D$7:$D$500"),"UI"),0)) | T14: =IF($D14="","",IFERROR(COUNTIF(INDIRECT("'"&$D14&"'!$D$7:$D$500"),"Integration"),0)) | U14: =IF($D14="","",IFERROR(COUNTIF(INDIRECT("'"&$D14&"'!$D$7:$D$500"),"Database Test Case"),0)) | V14: =IF($D14="","",IFERROR(COUNTIF(INDIRECT("'"&$D14&"'!$J$7:$J$500"),"AI"),0)) | W14: =IF($D14="","",IFERROR(COUNTIF(INDIRECT("'"&$D14&"'!$J$7:$J$500"),"QC"),0)) | X14: =IF($D14="","",IFERROR(COUNTIF(INDIRECT("'"&$D14&"'!$L$7:$L$500"),"Yes"),0)) | Y14: =IF($D14="","",IFERROR(COUNTIF(INDIRECT("'"&$D14&"'!$AR$7:$AR$500"),"Yes"),0)) | Z14: =IF($D14="","",IFERROR(COUNTIF(INDIRECT("'"&$D14&"'!$AS$7:$AS$500"),"Pass"),0)) | AA14: =IF($D14="","",IFERROR(COUNTIF(INDIRECT("'"&$D14&"'!$K$7:$K$500"),"Reviewed"),0)) | AB14: =IF($D14="","",IFERROR(COUNTIFS(INDIRECT("'"&$D14&"'!$E$7:$E$500"),"High",INDIRECT("'"&$D14&"'!$AT$7:$AT$500"),"?*"),0)) | AC14: =IF($D14="","",IFERROR(COUNTIFS(INDIRECT("'"&$D14&"'!$E$7:$E$500"),"Medium",INDIRECT("'"&$D14&"'!$AT$7:$AT$500"),"?*"),0)) | AD14: =IF($D14="","",IFERROR(COUNTIFS(INDIRECT("'"&$D14&"'!$E$7:$E$500"),"Low",INDIRECT("'"&$D14&"'!$AT$7:$AT$500"),"?*"),0)) | AE14: =IF($D14="","",IFERROR(COUNTIF(INDIRECT("'"&$D14&"'!$P$7:$P$500"),"?*"),0)) | AF14: =IF($D14="","",IFERROR(COUNTIF(INDIRECT("'"&$D14&"'!$P$7:$P$500"),"Pass"),0)) | AG14: =IF($D14="","",IFERROR(COUNTIF(INDIRECT("'"&$D14&"'!$P$7:$P$500"),"Fail"),0)) | AH14: =IF($D14="","",IFERROR(COUNTIF(INDIRECT("'"&$D14&"'!$P$7:$P$500"),"Block"),0)) | AI14: =IF($D14="","",IFERROR(COUNTIF(INDIRECT("'"&$D14&"'!$P$7:$P$500"),"N/A"),0)) | AJ14: =IF($D14="","",IFERROR(COUNTIF(INDIRECT("'"&$D14&"'!$V$7:$V$500"),"?*"),0)) | AK14: =IF($D14="","",IFERROR(COUNTIF(INDIRECT("'"&$D14&"'!$V$7:$V$500"),"Pass"),0)) | AL14: =IF($D14="","",IFERROR(COUNTIF(INDIRECT("'"&$D14&"'!$V$7:$V$500"),"Fail"),0)) | AM14: =IF($D14="","",IFERROR(COUNTIF(INDIRECT("'"&$D14&"'!$V$7:$V$500"),"Block"),0)) | AN14: =IF($D14="","",IFERROR(COUNTIF(INDIRECT("'"&$D14&"'!$V$7:$V$500"),"N/A"),0)) | AO14: =IF($D14="","",IFERROR(COUNTIF(INDIRECT("'"&$D14&"'!$AB$7:$AB$500"),"?*"),0)) | AP14: =IF($D14="","",IFERROR(COUNTIF(INDIRECT("'"&$D14&"'!$AB$7:$AB$500"),"Pass"),0)) | AQ14: =IF($D14="","",IFERROR(COUNTIF(INDIRECT("'"&$D14&"'!$AB$7:$AB$500"),"Fail"),0)) | AR14: =IF($D14="","",IFERROR(COUNTIF(INDIRECT("'"&$D14&"'!$AB$7:$AB$500"),"Block"),0)) | AS14: =IF($D14="","",IFERROR(COUNTIF(INDIRECT("'"&$D14&"'!$AB$7:$AB$500"),"N/A"),0)) | AT14: =IF($D14="","",IFERROR(COUNTIF(INDIRECT("'"&$D14&"'!$AH$7:$AH$500"),"?*"),0)) | AU14: =IF($D14="","",IFERROR(COUNTIF(INDIRECT("'"&$D14&"'!$AH$7:$AH$500"),"Pass"),0)) | AV14: =IF($D14="","",IFERROR(COUNTIF(INDIRECT("'"&$D14&"'!$AH$7:$AH$500"),"Fail"),0)) | AW14: =IF($D14="","",IFERROR(COUNTIF(INDIRECT("'"&$D14&"'!$AH$7:$AH$500"),"Block"),0)) | AX14: =IF($D14="","",IFERROR(COUNTIF(INDIRECT("'"&$D14&"'!$AH$7:$AH$500"),"N/A"),0)) | AY14: =IF($D14="","",IFERROR(COUNTIF(INDIRECT("'"&$D14&"'!$AN$7:$AN$500"),"?*"),0)) | AZ14: =IF($D14="","",IFERROR(COUNTIF(INDIRECT("'"&$D14&"'!$AN$7:$AN$500"),"Pass"),0)) | BA14: =IF($D14="","",IFERROR(COUNTIF(INDIRECT("'"&$D14&"'!$AN$7:$AN$500"),"Fail"),0)) | BB14: =IF($D14="","",IFERROR(COUNTIF(INDIRECT("'"&$D14&"'!$AN$7:$AN$500"),"Block"),0)) | BC14: =IF($D14="","",IFERROR(COUNTIF(INDIRECT("'"&$D14&"'!$AN$7:$AN$500"),"N/A"),0))
B15: =IF($D15="","",ROW()-3) | F15: =IF($D15="","",IFERROR(COUNTIF(INDIRECT("'"&$D15&"'!$A$7:$A$500"),"?*"),0)) | G15: =IF($D15="","",IFERROR(COUNTIF(INDIRECT("'"&$D15&"'!$AT$7:$AT$500"),"Pass"),0)) | H15: =IF($D15="","",IFERROR(COUNTIF(INDIRECT("'"&$D15&"'!$AT$7:$AT$500"),"Fail"),0)) | I15: =IF($D15="","",IFERROR(COUNTIF(INDIRECT("'"&$D15&"'!$AT$7:$AT$500"),"Block"),0)) | J15: =IF($D15="","",IFERROR(COUNTIF(INDIRECT("'"&$D15&"'!$AT$7:$AT$500"),"N/A"),0)) | K15: =IF($D15="","",MAX(0,$F15-$G15-$H15-$I15-$J15)) | L15: =IF($D15="","",$G15+$H15+$I15+$J15) | M15: =IF($D15="","",IFERROR($L15/$F15,0)) | N15: =IF($D15="","",IFERROR($G15/$L15,0)) | O15: =IF($D15="","",IFERROR(COUNTIF(INDIRECT("'"&$D15&"'!$E$7:$E$500"),"High"),0)) | P15: =IF($D15="","",IFERROR(COUNTIF(INDIRECT("'"&$D15&"'!$E$7:$E$500"),"Medium"),0)) | Q15: =IF($D15="","",IFERROR(COUNTIF(INDIRECT("'"&$D15&"'!$E$7:$E$500"),"Low"),0)) | R15: =IF($D15="","",IFERROR(COUNTIF(INDIRECT("'"&$D15&"'!$D$7:$D$500"),"Functional"),0)) | S15: =IF($D15="","",IFERROR(COUNTIF(INDIRECT("'"&$D15&"'!$D$7:$D$500"),"UI"),0)) | T15: =IF($D15="","",IFERROR(COUNTIF(INDIRECT("'"&$D15&"'!$D$7:$D$500"),"Integration"),0)) | U15: =IF($D15="","",IFERROR(COUNTIF(INDIRECT("'"&$D15&"'!$D$7:$D$500"),"Database Test Case"),0)) | V15: =IF($D15="","",IFERROR(COUNTIF(INDIRECT("'"&$D15&"'!$J$7:$J$500"),"AI"),0)) | W15: =IF($D15="","",IFERROR(COUNTIF(INDIRECT("'"&$D15&"'!$J$7:$J$500"),"QC"),0)) | X15: =IF($D15="","",IFERROR(COUNTIF(INDIRECT("'"&$D15&"'!$L$7:$L$500"),"Yes"),0)) | Y15: =IF($D15="","",IFERROR(COUNTIF(INDIRECT("'"&$D15&"'!$AR$7:$AR$500"),"Yes"),0)) | Z15: =IF($D15="","",IFERROR(COUNTIF(INDIRECT("'"&$D15&"'!$AS$7:$AS$500"),"Pass"),0)) | AA15: =IF($D15="","",IFERROR(COUNTIF(INDIRECT("'"&$D15&"'!$K$7:$K$500"),"Reviewed"),0)) | AB15: =IF($D15="","",IFERROR(COUNTIFS(INDIRECT("'"&$D15&"'!$E$7:$E$500"),"High",INDIRECT("'"&$D15&"'!$AT$7:$AT$500"),"?*"),0)) | AC15: =IF($D15="","",IFERROR(COUNTIFS(INDIRECT("'"&$D15&"'!$E$7:$E$500"),"Medium",INDIRECT("'"&$D15&"'!$AT$7:$AT$500"),"?*"),0)) | AD15: =IF($D15="","",IFERROR(COUNTIFS(INDIRECT("'"&$D15&"'!$E$7:$E$500"),"Low",INDIRECT("'"&$D15&"'!$AT$7:$AT$500"),"?*"),0)) | AE15: =IF($D15="","",IFERROR(COUNTIF(INDIRECT("'"&$D15&"'!$P$7:$P$500"),"?*"),0)) | AF15: =IF($D15="","",IFERROR(COUNTIF(INDIRECT("'"&$D15&"'!$P$7:$P$500"),"Pass"),0)) | AG15: =IF($D15="","",IFERROR(COUNTIF(INDIRECT("'"&$D15&"'!$P$7:$P$500"),"Fail"),0)) | AH15: =IF($D15="","",IFERROR(COUNTIF(INDIRECT("'"&$D15&"'!$P$7:$P$500"),"Block"),0)) | AI15: =IF($D15="","",IFERROR(COUNTIF(INDIRECT("'"&$D15&"'!$P$7:$P$500"),"N/A"),0)) | AJ15: =IF($D15="","",IFERROR(COUNTIF(INDIRECT("'"&$D15&"'!$V$7:$V$500"),"?*"),0)) | AK15: =IF($D15="","",IFERROR(COUNTIF(INDIRECT("'"&$D15&"'!$V$7:$V$500"),"Pass"),0)) | AL15: =IF($D15="","",IFERROR(COUNTIF(INDIRECT("'"&$D15&"'!$V$7:$V$500"),"Fail"),0)) | AM15: =IF($D15="","",IFERROR(COUNTIF(INDIRECT("'"&$D15&"'!$V$7:$V$500"),"Block"),0)) | AN15: =IF($D15="","",IFERROR(COUNTIF(INDIRECT("'"&$D15&"'!$V$7:$V$500"),"N/A"),0)) | AO15: =IF($D15="","",IFERROR(COUNTIF(INDIRECT("'"&$D15&"'!$AB$7:$AB$500"),"?*"),0)) | AP15: =IF($D15="","",IFERROR(COUNTIF(INDIRECT("'"&$D15&"'!$AB$7:$AB$500"),"Pass"),0)) | AQ15: =IF($D15="","",IFERROR(COUNTIF(INDIRECT("'"&$D15&"'!$AB$7:$AB$500"),"Fail"),0)) | AR15: =IF($D15="","",IFERROR(COUNTIF(INDIRECT("'"&$D15&"'!$AB$7:$AB$500"),"Block"),0)) | AS15: =IF($D15="","",IFERROR(COUNTIF(INDIRECT("'"&$D15&"'!$AB$7:$AB$500"),"N/A"),0)) | AT15: =IF($D15="","",IFERROR(COUNTIF(INDIRECT("'"&$D15&"'!$AH$7:$AH$500"),"?*"),0)) | AU15: =IF($D15="","",IFERROR(COUNTIF(INDIRECT("'"&$D15&"'!$AH$7:$AH$500"),"Pass"),0)) | AV15: =IF($D15="","",IFERROR(COUNTIF(INDIRECT("'"&$D15&"'!$AH$7:$AH$500"),"Fail"),0)) | AW15: =IF($D15="","",IFERROR(COUNTIF(INDIRECT("'"&$D15&"'!$AH$7:$AH$500"),"Block"),0)) | AX15: =IF($D15="","",IFERROR(COUNTIF(INDIRECT("'"&$D15&"'!$AH$7:$AH$500"),"N/A"),0)) | AY15: =IF($D15="","",IFERROR(COUNTIF(INDIRECT("'"&$D15&"'!$AN$7:$AN$500"),"?*"),0)) | AZ15: =IF($D15="","",IFERROR(COUNTIF(INDIRECT("'"&$D15&"'!$AN$7:$AN$500"),"Pass"),0)) | BA15: =IF($D15="","",IFERROR(COUNTIF(INDIRECT("'"&$D15&"'!$AN$7:$AN$500"),"Fail"),0)) | BB15: =IF($D15="","",IFERROR(COUNTIF(INDIRECT("'"&$D15&"'!$AN$7:$AN$500"),"Block"),0)) | BC15: =IF($D15="","",IFERROR(COUNTIF(INDIRECT("'"&$D15&"'!$AN$7:$AN$500"),"N/A"),0))
B16: =IF($D16="","",ROW()-3) | F16: =IF($D16="","",IFERROR(COUNTIF(INDIRECT("'"&$D16&"'!$A$7:$A$500"),"?*"),0)) | G16: =IF($D16="","",IFERROR(COUNTIF(INDIRECT("'"&$D16&"'!$AT$7:$AT$500"),"Pass"),0)) | H16: =IF($D16="","",IFERROR(COUNTIF(INDIRECT("'"&$D16&"'!$AT$7:$AT$500"),"Fail"),0)) | I16: =IF($D16="","",IFERROR(COUNTIF(INDIRECT("'"&$D16&"'!$AT$7:$AT$500"),"Block"),0)) | J16: =IF($D16="","",IFERROR(COUNTIF(INDIRECT("'"&$D16&"'!$AT$7:$AT$500"),"N/A"),0)) | K16: =IF($D16="","",MAX(0,$F16-$G16-$H16-$I16-$J16)) | L16: =IF($D16="","",$G16+$H16+$I16+$J16) | M16: =IF($D16="","",IFERROR($L16/$F16,0)) | N16: =IF($D16="","",IFERROR($G16/$L16,0)) | O16: =IF($D16="","",IFERROR(COUNTIF(INDIRECT("'"&$D16&"'!$E$7:$E$500"),"High"),0)) | P16: =IF($D16="","",IFERROR(COUNTIF(INDIRECT("'"&$D16&"'!$E$7:$E$500"),"Medium"),0)) | Q16: =IF($D16="","",IFERROR(COUNTIF(INDIRECT("'"&$D16&"'!$E$7:$E$500"),"Low"),0)) | R16: =IF($D16="","",IFERROR(COUNTIF(INDIRECT("'"&$D16&"'!$D$7:$D$500"),"Functional"),0)) | S16: =IF($D16="","",IFERROR(COUNTIF(INDIRECT("'"&$D16&"'!$D$7:$D$500"),"UI"),0)) | T16: =IF($D16="","",IFERROR(COUNTIF(INDIRECT("'"&$D16&"'!$D$7:$D$500"),"Integration"),0)) | U16: =IF($D16="","",IFERROR(COUNTIF(INDIRECT("'"&$D16&"'!$D$7:$D$500"),"Database Test Case"),0)) | V16: =IF($D16="","",IFERROR(COUNTIF(INDIRECT("'"&$D16&"'!$J$7:$J$500"),"AI"),0)) | W16: =IF($D16="","",IFERROR(COUNTIF(INDIRECT("'"&$D16&"'!$J$7:$J$500"),"QC"),0)) | X16: =IF($D16="","",IFERROR(COUNTIF(INDIRECT("'"&$D16&"'!$L$7:$L$500"),"Yes"),0)) | Y16: =IF($D16="","",IFERROR(COUNTIF(INDIRECT("'"&$D16&"'!$AR$7:$AR$500"),"Yes"),0)) | Z16: =IF($D16="","",IFERROR(COUNTIF(INDIRECT("'"&$D16&"'!$AS$7:$AS$500"),"Pass"),0)) | AA16: =IF($D16="","",IFERROR(COUNTIF(INDIRECT("'"&$D16&"'!$K$7:$K$500"),"Reviewed"),0)) | AB16: =IF($D16="","",IFERROR(COUNTIFS(INDIRECT("'"&$D16&"'!$E$7:$E$500"),"High",INDIRECT("'"&$D16&"'!$AT$7:$AT$500"),"?*"),0)) | AC16: =IF($D16="","",IFERROR(COUNTIFS(INDIRECT("'"&$D16&"'!$E$7:$E$500"),"Medium",INDIRECT("'"&$D16&"'!$AT$7:$AT$500"),"?*"),0)) | AD16: =IF($D16="","",IFERROR(COUNTIFS(INDIRECT("'"&$D16&"'!$E$7:$E$500"),"Low",INDIRECT("'"&$D16&"'!$AT$7:$AT$500"),"?*"),0)) | AE16: =IF($D16="","",IFERROR(COUNTIF(INDIRECT("'"&$D16&"'!$P$7:$P$500"),"?*"),0)) | AF16: =IF($D16="","",IFERROR(COUNTIF(INDIRECT("'"&$D16&"'!$P$7:$P$500"),"Pass"),0)) | AG16: =IF($D16="","",IFERROR(COUNTIF(INDIRECT("'"&$D16&"'!$P$7:$P$500"),"Fail"),0)) | AH16: =IF($D16="","",IFERROR(COUNTIF(INDIRECT("'"&$D16&"'!$P$7:$P$500"),"Block"),0)) | AI16: =IF($D16="","",IFERROR(COUNTIF(INDIRECT("'"&$D16&"'!$P$7:$P$500"),"N/A"),0)) | AJ16: =IF($D16="","",IFERROR(COUNTIF(INDIRECT("'"&$D16&"'!$V$7:$V$500"),"?*"),0)) | AK16: =IF($D16="","",IFERROR(COUNTIF(INDIRECT("'"&$D16&"'!$V$7:$V$500"),"Pass"),0)) | AL16: =IF($D16="","",IFERROR(COUNTIF(INDIRECT("'"&$D16&"'!$V$7:$V$500"),"Fail"),0)) | AM16: =IF($D16="","",IFERROR(COUNTIF(INDIRECT("'"&$D16&"'!$V$7:$V$500"),"Block"),0)) | AN16: =IF($D16="","",IFERROR(COUNTIF(INDIRECT("'"&$D16&"'!$V$7:$V$500"),"N/A"),0)) | AO16: =IF($D16="","",IFERROR(COUNTIF(INDIRECT("'"&$D16&"'!$AB$7:$AB$500"),"?*"),0)) | AP16: =IF($D16="","",IFERROR(COUNTIF(INDIRECT("'"&$D16&"'!$AB$7:$AB$500"),"Pass"),0)) | AQ16: =IF($D16="","",IFERROR(COUNTIF(INDIRECT("'"&$D16&"'!$AB$7:$AB$500"),"Fail"),0)) | AR16: =IF($D16="","",IFERROR(COUNTIF(INDIRECT("'"&$D16&"'!$AB$7:$AB$500"),"Block"),0)) | AS16: =IF($D16="","",IFERROR(COUNTIF(INDIRECT("'"&$D16&"'!$AB$7:$AB$500"),"N/A"),0)) | AT16: =IF($D16="","",IFERROR(COUNTIF(INDIRECT("'"&$D16&"'!$AH$7:$AH$500"),"?*"),0)) | AU16: =IF($D16="","",IFERROR(COUNTIF(INDIRECT("'"&$D16&"'!$AH$7:$AH$500"),"Pass"),0)) | AV16: =IF($D16="","",IFERROR(COUNTIF(INDIRECT("'"&$D16&"'!$AH$7:$AH$500"),"Fail"),0)) | AW16: =IF($D16="","",IFERROR(COUNTIF(INDIRECT("'"&$D16&"'!$AH$7:$AH$500"),"Block"),0)) | AX16: =IF($D16="","",IFERROR(COUNTIF(INDIRECT("'"&$D16&"'!$AH$7:$AH$500"),"N/A"),0)) | AY16: =IF($D16="","",IFERROR(COUNTIF(INDIRECT("'"&$D16&"'!$AN$7:$AN$500"),"?*"),0)) | AZ16: =IF($D16="","",IFERROR(COUNTIF(INDIRECT("'"&$D16&"'!$AN$7:$AN$500"),"Pass"),0)) | BA16: =IF($D16="","",IFERROR(COUNTIF(INDIRECT("'"&$D16&"'!$AN$7:$AN$500"),"Fail"),0)) | BB16: =IF($D16="","",IFERROR(COUNTIF(INDIRECT("'"&$D16&"'!$AN$7:$AN$500"),"Block"),0)) | BC16: =IF($D16="","",IFERROR(COUNTIF(INDIRECT("'"&$D16&"'!$AN$7:$AN$500"),"N/A"),0))
B17: =IF($D17="","",ROW()-3) | F17: =IF($D17="","",IFERROR(COUNTIF(INDIRECT("'"&$D17&"'!$A$7:$A$500"),"?*"),0)) | G17: =IF($D17="","",IFERROR(COUNTIF(INDIRECT("'"&$D17&"'!$AT$7:$AT$500"),"Pass"),0)) | H17: =IF($D17="","",IFERROR(COUNTIF(INDIRECT("'"&$D17&"'!$AT$7:$AT$500"),"Fail"),0)) | I17: =IF($D17="","",IFERROR(COUNTIF(INDIRECT("'"&$D17&"'!$AT$7:$AT$500"),"Block"),0)) | J17: =IF($D17="","",IFERROR(COUNTIF(INDIRECT("'"&$D17&"'!$AT$7:$AT$500"),"N/A"),0)) | K17: =IF($D17="","",MAX(0,$F17-$G17-$H17-$I17-$J17)) | L17: =IF($D17="","",$G17+$H17+$I17+$J17) | M17: =IF($D17="","",IFERROR($L17/$F17,0)) | N17: =IF($D17="","",IFERROR($G17/$L17,0)) | O17: =IF($D17="","",IFERROR(COUNTIF(INDIRECT("'"&$D17&"'!$E$7:$E$500"),"High"),0)) | P17: =IF($D17="","",IFERROR(COUNTIF(INDIRECT("'"&$D17&"'!$E$7:$E$500"),"Medium"),0)) | Q17: =IF($D17="","",IFERROR(COUNTIF(INDIRECT("'"&$D17&"'!$E$7:$E$500"),"Low"),0)) | R17: =IF($D17="","",IFERROR(COUNTIF(INDIRECT("'"&$D17&"'!$D$7:$D$500"),"Functional"),0)) | S17: =IF($D17="","",IFERROR(COUNTIF(INDIRECT("'"&$D17&"'!$D$7:$D$500"),"UI"),0)) | T17: =IF($D17="","",IFERROR(COUNTIF(INDIRECT("'"&$D17&"'!$D$7:$D$500"),"Integration"),0)) | U17: =IF($D17="","",IFERROR(COUNTIF(INDIRECT("'"&$D17&"'!$D$7:$D$500"),"Database Test Case"),0)) | V17: =IF($D17="","",IFERROR(COUNTIF(INDIRECT("'"&$D17&"'!$J$7:$J$500"),"AI"),0)) | W17: =IF($D17="","",IFERROR(COUNTIF(INDIRECT("'"&$D17&"'!$J$7:$J$500"),"QC"),0)) | X17: =IF($D17="","",IFERROR(COUNTIF(INDIRECT("'"&$D17&"'!$L$7:$L$500"),"Yes"),0)) | Y17: =IF($D17="","",IFERROR(COUNTIF(INDIRECT("'"&$D17&"'!$AR$7:$AR$500"),"Yes"),0)) | Z17: =IF($D17="","",IFERROR(COUNTIF(INDIRECT("'"&$D17&"'!$AS$7:$AS$500"),"Pass"),0)) | AA17: =IF($D17="","",IFERROR(COUNTIF(INDIRECT("'"&$D17&"'!$K$7:$K$500"),"Reviewed"),0)) | AB17: =IF($D17="","",IFERROR(COUNTIFS(INDIRECT("'"&$D17&"'!$E$7:$E$500"),"High",INDIRECT("'"&$D17&"'!$AT$7:$AT$500"),"?*"),0)) | AC17: =IF($D17="","",IFERROR(COUNTIFS(INDIRECT("'"&$D17&"'!$E$7:$E$500"),"Medium",INDIRECT("'"&$D17&"'!$AT$7:$AT$500"),"?*"),0)) | AD17: =IF($D17="","",IFERROR(COUNTIFS(INDIRECT("'"&$D17&"'!$E$7:$E$500"),"Low",INDIRECT("'"&$D17&"'!$AT$7:$AT$500"),"?*"),0)) | AE17: =IF($D17="","",IFERROR(COUNTIF(INDIRECT("'"&$D17&"'!$P$7:$P$500"),"?*"),0)) | AF17: =IF($D17="","",IFERROR(COUNTIF(INDIRECT("'"&$D17&"'!$P$7:$P$500"),"Pass"),0)) | AG17: =IF($D17="","",IFERROR(COUNTIF(INDIRECT("'"&$D17&"'!$P$7:$P$500"),"Fail"),0)) | AH17: =IF($D17="","",IFERROR(COUNTIF(INDIRECT("'"&$D17&"'!$P$7:$P$500"),"Block"),0)) | AI17: =IF($D17="","",IFERROR(COUNTIF(INDIRECT("'"&$D17&"'!$P$7:$P$500"),"N/A"),0)) | AJ17: =IF($D17="","",IFERROR(COUNTIF(INDIRECT("'"&$D17&"'!$V$7:$V$500"),"?*"),0)) | AK17: =IF($D17="","",IFERROR(COUNTIF(INDIRECT("'"&$D17&"'!$V$7:$V$500"),"Pass"),0)) | AL17: =IF($D17="","",IFERROR(COUNTIF(INDIRECT("'"&$D17&"'!$V$7:$V$500"),"Fail"),0)) | AM17: =IF($D17="","",IFERROR(COUNTIF(INDIRECT("'"&$D17&"'!$V$7:$V$500"),"Block"),0)) | AN17: =IF($D17="","",IFERROR(COUNTIF(INDIRECT("'"&$D17&"'!$V$7:$V$500"),"N/A"),0)) | AO17: =IF($D17="","",IFERROR(COUNTIF(INDIRECT("'"&$D17&"'!$AB$7:$AB$500"),"?*"),0)) | AP17: =IF($D17="","",IFERROR(COUNTIF(INDIRECT("'"&$D17&"'!$AB$7:$AB$500"),"Pass"),0)) | AQ17: =IF($D17="","",IFERROR(COUNTIF(INDIRECT("'"&$D17&"'!$AB$7:$AB$500"),"Fail"),0)) | AR17: =IF($D17="","",IFERROR(COUNTIF(INDIRECT("'"&$D17&"'!$AB$7:$AB$500"),"Block"),0)) | AS17: =IF($D17="","",IFERROR(COUNTIF(INDIRECT("'"&$D17&"'!$AB$7:$AB$500"),"N/A"),0)) | AT17: =IF($D17="","",IFERROR(COUNTIF(INDIRECT("'"&$D17&"'!$AH$7:$AH$500"),"?*"),0)) | AU17: =IF($D17="","",IFERROR(COUNTIF(INDIRECT("'"&$D17&"'!$AH$7:$AH$500"),"Pass"),0)) | AV17: =IF($D17="","",IFERROR(COUNTIF(INDIRECT("'"&$D17&"'!$AH$7:$AH$500"),"Fail"),0)) | AW17: =IF($D17="","",IFERROR(COUNTIF(INDIRECT("'"&$D17&"'!$AH$7:$AH$500"),"Block"),0)) | AX17: =IF($D17="","",IFERROR(COUNTIF(INDIRECT("'"&$D17&"'!$AH$7:$AH$500"),"N/A"),0)) | AY17: =IF($D17="","",IFERROR(COUNTIF(INDIRECT("'"&$D17&"'!$AN$7:$AN$500"),"?*"),0)) | AZ17: =IF($D17="","",IFERROR(COUNTIF(INDIRECT("'"&$D17&"'!$AN$7:$AN$500"),"Pass"),0)) | BA17: =IF($D17="","",IFERROR(COUNTIF(INDIRECT("'"&$D17&"'!$AN$7:$AN$500"),"Fail"),0)) | BB17: =IF($D17="","",IFERROR(COUNTIF(INDIRECT("'"&$D17&"'!$AN$7:$AN$500"),"Block"),0)) | BC17: =IF($D17="","",IFERROR(COUNTIF(INDIRECT("'"&$D17&"'!$AN$7:$AN$500"),"N/A"),0))
B18: =IF($D18="","",ROW()-3) | F18: =IF($D18="","",IFERROR(COUNTIF(INDIRECT("'"&$D18&"'!$A$7:$A$500"),"?*"),0)) | G18: =IF($D18="","",IFERROR(COUNTIF(INDIRECT("'"&$D18&"'!$AT$7:$AT$500"),"Pass"),0)) | H18: =IF($D18="","",IFERROR(COUNTIF(INDIRECT("'"&$D18&"'!$AT$7:$AT$500"),"Fail"),0)) | I18: =IF($D18="","",IFERROR(COUNTIF(INDIRECT("'"&$D18&"'!$AT$7:$AT$500"),"Block"),0)) | J18: =IF($D18="","",IFERROR(COUNTIF(INDIRECT("'"&$D18&"'!$AT$7:$AT$500"),"N/A"),0)) | K18: =IF($D18="","",MAX(0,$F18-$G18-$H18-$I18-$J18)) | L18: =IF($D18="","",$G18+$H18+$I18+$J18) | M18: =IF($D18="","",IFERROR($L18/$F18,0)) | N18: =IF($D18="","",IFERROR($G18/$L18,0)) | O18: =IF($D18="","",IFERROR(COUNTIF(INDIRECT("'"&$D18&"'!$E$7:$E$500"),"High"),0)) | P18: =IF($D18="","",IFERROR(COUNTIF(INDIRECT("'"&$D18&"'!$E$7:$E$500"),"Medium"),0)) | Q18: =IF($D18="","",IFERROR(COUNTIF(INDIRECT("'"&$D18&"'!$E$7:$E$500"),"Low"),0)) | R18: =IF($D18="","",IFERROR(COUNTIF(INDIRECT("'"&$D18&"'!$D$7:$D$500"),"Functional"),0)) | S18: =IF($D18="","",IFERROR(COUNTIF(INDIRECT("'"&$D18&"'!$D$7:$D$500"),"UI"),0)) | T18: =IF($D18="","",IFERROR(COUNTIF(INDIRECT("'"&$D18&"'!$D$7:$D$500"),"Integration"),0)) | U18: =IF($D18="","",IFERROR(COUNTIF(INDIRECT("'"&$D18&"'!$D$7:$D$500"),"Database Test Case"),0)) | V18: =IF($D18="","",IFERROR(COUNTIF(INDIRECT("'"&$D18&"'!$J$7:$J$500"),"AI"),0)) | W18: =IF($D18="","",IFERROR(COUNTIF(INDIRECT("'"&$D18&"'!$J$7:$J$500"),"QC"),0)) | X18: =IF($D18="","",IFERROR(COUNTIF(INDIRECT("'"&$D18&"'!$L$7:$L$500"),"Yes"),0)) | Y18: =IF($D18="","",IFERROR(COUNTIF(INDIRECT("'"&$D18&"'!$AR$7:$AR$500"),"Yes"),0)) | Z18: =IF($D18="","",IFERROR(COUNTIF(INDIRECT("'"&$D18&"'!$AS$7:$AS$500"),"Pass"),0)) | AA18: =IF($D18="","",IFERROR(COUNTIF(INDIRECT("'"&$D18&"'!$K$7:$K$500"),"Reviewed"),0)) | AB18: =IF($D18="","",IFERROR(COUNTIFS(INDIRECT("'"&$D18&"'!$E$7:$E$500"),"High",INDIRECT("'"&$D18&"'!$AT$7:$AT$500"),"?*"),0)) | AC18: =IF($D18="","",IFERROR(COUNTIFS(INDIRECT("'"&$D18&"'!$E$7:$E$500"),"Medium",INDIRECT("'"&$D18&"'!$AT$7:$AT$500"),"?*"),0)) | AD18: =IF($D18="","",IFERROR(COUNTIFS(INDIRECT("'"&$D18&"'!$E$7:$E$500"),"Low",INDIRECT("'"&$D18&"'!$AT$7:$AT$500"),"?*"),0)) | AE18: =IF($D18="","",IFERROR(COUNTIF(INDIRECT("'"&$D18&"'!$P$7:$P$500"),"?*"),0)) | AF18: =IF($D18="","",IFERROR(COUNTIF(INDIRECT("'"&$D18&"'!$P$7:$P$500"),"Pass"),0)) | AG18: =IF($D18="","",IFERROR(COUNTIF(INDIRECT("'"&$D18&"'!$P$7:$P$500"),"Fail"),0)) | AH18: =IF($D18="","",IFERROR(COUNTIF(INDIRECT("'"&$D18&"'!$P$7:$P$500"),"Block"),0)) | AI18: =IF($D18="","",IFERROR(COUNTIF(INDIRECT("'"&$D18&"'!$P$7:$P$500"),"N/A"),0)) | AJ18: =IF($D18="","",IFERROR(COUNTIF(INDIRECT("'"&$D18&"'!$V$7:$V$500"),"?*"),0)) | AK18: =IF($D18="","",IFERROR(COUNTIF(INDIRECT("'"&$D18&"'!$V$7:$V$500"),"Pass"),0)) | AL18: =IF($D18="","",IFERROR(COUNTIF(INDIRECT("'"&$D18&"'!$V$7:$V$500"),"Fail"),0)) | AM18: =IF($D18="","",IFERROR(COUNTIF(INDIRECT("'"&$D18&"'!$V$7:$V$500"),"Block"),0)) | AN18: =IF($D18="","",IFERROR(COUNTIF(INDIRECT("'"&$D18&"'!$V$7:$V$500"),"N/A"),0)) | AO18: =IF($D18="","",IFERROR(COUNTIF(INDIRECT("'"&$D18&"'!$AB$7:$AB$500"),"?*"),0)) | AP18: =IF($D18="","",IFERROR(COUNTIF(INDIRECT("'"&$D18&"'!$AB$7:$AB$500"),"Pass"),0)) | AQ18: =IF($D18="","",IFERROR(COUNTIF(INDIRECT("'"&$D18&"'!$AB$7:$AB$500"),"Fail"),0)) | AR18: =IF($D18="","",IFERROR(COUNTIF(INDIRECT("'"&$D18&"'!$AB$7:$AB$500"),"Block"),0)) | AS18: =IF($D18="","",IFERROR(COUNTIF(INDIRECT("'"&$D18&"'!$AB$7:$AB$500"),"N/A"),0)) | AT18: =IF($D18="","",IFERROR(COUNTIF(INDIRECT("'"&$D18&"'!$AH$7:$AH$500"),"?*"),0)) | AU18: =IF($D18="","",IFERROR(COUNTIF(INDIRECT("'"&$D18&"'!$AH$7:$AH$500"),"Pass"),0)) | AV18: =IF($D18="","",IFERROR(COUNTIF(INDIRECT("'"&$D18&"'!$AH$7:$AH$500"),"Fail"),0)) | AW18: =IF($D18="","",IFERROR(COUNTIF(INDIRECT("'"&$D18&"'!$AH$7:$AH$500"),"Block"),0)) | AX18: =IF($D18="","",IFERROR(COUNTIF(INDIRECT("'"&$D18&"'!$AH$7:$AH$500"),"N/A"),0)) | AY18: =IF($D18="","",IFERROR(COUNTIF(INDIRECT("'"&$D18&"'!$AN$7:$AN$500"),"?*"),0)) | AZ18: =IF($D18="","",IFERROR(COUNTIF(INDIRECT("'"&$D18&"'!$AN$7:$AN$500"),"Pass"),0)) | BA18: =IF($D18="","",IFERROR(COUNTIF(INDIRECT("'"&$D18&"'!$AN$7:$AN$500"),"Fail"),0)) | BB18: =IF($D18="","",IFERROR(COUNTIF(INDIRECT("'"&$D18&"'!$AN$7:$AN$500"),"Block"),0)) | BC18: =IF($D18="","",IFERROR(COUNTIF(INDIRECT("'"&$D18&"'!$AN$7:$AN$500"),"N/A"),0))
B19: =IF($D19="","",ROW()-3) | F19: =IF($D19="","",IFERROR(COUNTIF(INDIRECT("'"&$D19&"'!$A$7:$A$500"),"?*"),0)) | G19: =IF($D19="","",IFERROR(COUNTIF(INDIRECT("'"&$D19&"'!$AT$7:$AT$500"),"Pass"),0)) | H19: =IF($D19="","",IFERROR(COUNTIF(INDIRECT("'"&$D19&"'!$AT$7:$AT$500"),"Fail"),0)) | I19: =IF($D19="","",IFERROR(COUNTIF(INDIRECT("'"&$D19&"'!$AT$7:$AT$500"),"Block"),0)) | J19: =IF($D19="","",IFERROR(COUNTIF(INDIRECT("'"&$D19&"'!$AT$7:$AT$500"),"N/A"),0)) | K19: =IF($D19="","",MAX(0,$F19-$G19-$H19-$I19-$J19)) | L19: =IF($D19="","",$G19+$H19+$I19+$J19) | M19: =IF($D19="","",IFERROR($L19/$F19,0)) | N19: =IF($D19="","",IFERROR($G19/$L19,0)) | O19: =IF($D19="","",IFERROR(COUNTIF(INDIRECT("'"&$D19&"'!$E$7:$E$500"),"High"),0)) | P19: =IF($D19="","",IFERROR(COUNTIF(INDIRECT("'"&$D19&"'!$E$7:$E$500"),"Medium"),0)) | Q19: =IF($D19="","",IFERROR(COUNTIF(INDIRECT("'"&$D19&"'!$E$7:$E$500"),"Low"),0)) | R19: =IF($D19="","",IFERROR(COUNTIF(INDIRECT("'"&$D19&"'!$D$7:$D$500"),"Functional"),0)) | S19: =IF($D19="","",IFERROR(COUNTIF(INDIRECT("'"&$D19&"'!$D$7:$D$500"),"UI"),0)) | T19: =IF($D19="","",IFERROR(COUNTIF(INDIRECT("'"&$D19&"'!$D$7:$D$500"),"Integration"),0)) | U19: =IF($D19="","",IFERROR(COUNTIF(INDIRECT("'"&$D19&"'!$D$7:$D$500"),"Database Test Case"),0)) | V19: =IF($D19="","",IFERROR(COUNTIF(INDIRECT("'"&$D19&"'!$J$7:$J$500"),"AI"),0)) | W19: =IF($D19="","",IFERROR(COUNTIF(INDIRECT("'"&$D19&"'!$J$7:$J$500"),"QC"),0)) | X19: =IF($D19="","",IFERROR(COUNTIF(INDIRECT("'"&$D19&"'!$L$7:$L$500"),"Yes"),0)) | Y19: =IF($D19="","",IFERROR(COUNTIF(INDIRECT("'"&$D19&"'!$AR$7:$AR$500"),"Yes"),0)) | Z19: =IF($D19="","",IFERROR(COUNTIF(INDIRECT("'"&$D19&"'!$AS$7:$AS$500"),"Pass"),0)) | AA19: =IF($D19="","",IFERROR(COUNTIF(INDIRECT("'"&$D19&"'!$K$7:$K$500"),"Reviewed"),0)) | AB19: =IF($D19="","",IFERROR(COUNTIFS(INDIRECT("'"&$D19&"'!$E$7:$E$500"),"High",INDIRECT("'"&$D19&"'!$AT$7:$AT$500"),"?*"),0)) | AC19: =IF($D19="","",IFERROR(COUNTIFS(INDIRECT("'"&$D19&"'!$E$7:$E$500"),"Medium",INDIRECT("'"&$D19&"'!$AT$7:$AT$500"),"?*"),0)) | AD19: =IF($D19="","",IFERROR(COUNTIFS(INDIRECT("'"&$D19&"'!$E$7:$E$500"),"Low",INDIRECT("'"&$D19&"'!$AT$7:$AT$500"),"?*"),0)) | AE19: =IF($D19="","",IFERROR(COUNTIF(INDIRECT("'"&$D19&"'!$P$7:$P$500"),"?*"),0)) | AF19: =IF($D19="","",IFERROR(COUNTIF(INDIRECT("'"&$D19&"'!$P$7:$P$500"),"Pass"),0)) | AG19: =IF($D19="","",IFERROR(COUNTIF(INDIRECT("'"&$D19&"'!$P$7:$P$500"),"Fail"),0)) | AH19: =IF($D19="","",IFERROR(COUNTIF(INDIRECT("'"&$D19&"'!$P$7:$P$500"),"Block"),0)) | AI19: =IF($D19="","",IFERROR(COUNTIF(INDIRECT("'"&$D19&"'!$P$7:$P$500"),"N/A"),0)) | AJ19: =IF($D19="","",IFERROR(COUNTIF(INDIRECT("'"&$D19&"'!$V$7:$V$500"),"?*"),0)) | AK19: =IF($D19="","",IFERROR(COUNTIF(INDIRECT("'"&$D19&"'!$V$7:$V$500"),"Pass"),0)) | AL19: =IF($D19="","",IFERROR(COUNTIF(INDIRECT("'"&$D19&"'!$V$7:$V$500"),"Fail"),0)) | AM19: =IF($D19="","",IFERROR(COUNTIF(INDIRECT("'"&$D19&"'!$V$7:$V$500"),"Block"),0)) | AN19: =IF($D19="","",IFERROR(COUNTIF(INDIRECT("'"&$D19&"'!$V$7:$V$500"),"N/A"),0)) | AO19: =IF($D19="","",IFERROR(COUNTIF(INDIRECT("'"&$D19&"'!$AB$7:$AB$500"),"?*"),0)) | AP19: =IF($D19="","",IFERROR(COUNTIF(INDIRECT("'"&$D19&"'!$AB$7:$AB$500"),"Pass"),0)) | AQ19: =IF($D19="","",IFERROR(COUNTIF(INDIRECT("'"&$D19&"'!$AB$7:$AB$500"),"Fail"),0)) | AR19: =IF($D19="","",IFERROR(COUNTIF(INDIRECT("'"&$D19&"'!$AB$7:$AB$500"),"Block"),0)) | AS19: =IF($D19="","",IFERROR(COUNTIF(INDIRECT("'"&$D19&"'!$AB$7:$AB$500"),"N/A"),0)) | AT19: =IF($D19="","",IFERROR(COUNTIF(INDIRECT("'"&$D19&"'!$AH$7:$AH$500"),"?*"),0)) | AU19: =IF($D19="","",IFERROR(COUNTIF(INDIRECT("'"&$D19&"'!$AH$7:$AH$500"),"Pass"),0)) | AV19: =IF($D19="","",IFERROR(COUNTIF(INDIRECT("'"&$D19&"'!$AH$7:$AH$500"),"Fail"),0)) | AW19: =IF($D19="","",IFERROR(COUNTIF(INDIRECT("'"&$D19&"'!$AH$7:$AH$500"),"Block"),0)) | AX19: =IF($D19="","",IFERROR(COUNTIF(INDIRECT("'"&$D19&"'!$AH$7:$AH$500"),"N/A"),0)) | AY19: =IF($D19="","",IFERROR(COUNTIF(INDIRECT("'"&$D19&"'!$AN$7:$AN$500"),"?*"),0)) | AZ19: =IF($D19="","",IFERROR(COUNTIF(INDIRECT("'"&$D19&"'!$AN$7:$AN$500"),"Pass"),0)) | BA19: =IF($D19="","",IFERROR(COUNTIF(INDIRECT("'"&$D19&"'!$AN$7:$AN$500"),"Fail"),0)) | BB19: =IF($D19="","",IFERROR(COUNTIF(INDIRECT("'"&$D19&"'!$AN$7:$AN$500"),"Block"),0)) | BC19: =IF($D19="","",IFERROR(COUNTIF(INDIRECT("'"&$D19&"'!$AN$7:$AN$500"),"N/A"),0))
B20: =IF($D20="","",ROW()-3) | F20: =IF($D20="","",IFERROR(COUNTIF(INDIRECT("'"&$D20&"'!$A$7:$A$500"),"?*"),0)) | G20: =IF($D20="","",IFERROR(COUNTIF(INDIRECT("'"&$D20&"'!$AT$7:$AT$500"),"Pass"),0)) | H20: =IF($D20="","",IFERROR(COUNTIF(INDIRECT("'"&$D20&"'!$AT$7:$AT$500"),"Fail"),0)) | I20: =IF($D20="","",IFERROR(COUNTIF(INDIRECT("'"&$D20&"'!$AT$7:$AT$500"),"Block"),0)) | J20: =IF($D20="","",IFERROR(COUNTIF(INDIRECT("'"&$D20&"'!$AT$7:$AT$500"),"N/A"),0)) | K20: =IF($D20="","",MAX(0,$F20-$G20-$H20-$I20-$J20)) | L20: =IF($D20="","",$G20+$H20+$I20+$J20) | M20: =IF($D20="","",IFERROR($L20/$F20,0)) | N20: =IF($D20="","",IFERROR($G20/$L20,0)) | O20: =IF($D20="","",IFERROR(COUNTIF(INDIRECT("'"&$D20&"'!$E$7:$E$500"),"High"),0)) | P20: =IF($D20="","",IFERROR(COUNTIF(INDIRECT("'"&$D20&"'!$E$7:$E$500"),"Medium"),0)) | Q20: =IF($D20="","",IFERROR(COUNTIF(INDIRECT("'"&$D20&"'!$E$7:$E$500"),"Low"),0)) | R20: =IF($D20="","",IFERROR(COUNTIF(INDIRECT("'"&$D20&"'!$D$7:$D$500"),"Functional"),0)) | S20: =IF($D20="","",IFERROR(COUNTIF(INDIRECT("'"&$D20&"'!$D$7:$D$500"),"UI"),0)) | T20: =IF($D20="","",IFERROR(COUNTIF(INDIRECT("'"&$D20&"'!$D$7:$D$500"),"Integration"),0)) | U20: =IF($D20="","",IFERROR(COUNTIF(INDIRECT("'"&$D20&"'!$D$7:$D$500"),"Database Test Case"),0)) | V20: =IF($D20="","",IFERROR(COUNTIF(INDIRECT("'"&$D20&"'!$J$7:$J$500"),"AI"),0)) | W20: =IF($D20="","",IFERROR(COUNTIF(INDIRECT("'"&$D20&"'!$J$7:$J$500"),"QC"),0)) | X20: =IF($D20="","",IFERROR(COUNTIF(INDIRECT("'"&$D20&"'!$L$7:$L$500"),"Yes"),0)) | Y20: =IF($D20="","",IFERROR(COUNTIF(INDIRECT("'"&$D20&"'!$AR$7:$AR$500"),"Yes"),0)) | Z20: =IF($D20="","",IFERROR(COUNTIF(INDIRECT("'"&$D20&"'!$AS$7:$AS$500"),"Pass"),0)) | AA20: =IF($D20="","",IFERROR(COUNTIF(INDIRECT("'"&$D20&"'!$K$7:$K$500"),"Reviewed"),0)) | AB20: =IF($D20="","",IFERROR(COUNTIFS(INDIRECT("'"&$D20&"'!$E$7:$E$500"),"High",INDIRECT("'"&$D20&"'!$AT$7:$AT$500"),"?*"),0)) | AC20: =IF($D20="","",IFERROR(COUNTIFS(INDIRECT("'"&$D20&"'!$E$7:$E$500"),"Medium",INDIRECT("'"&$D20&"'!$AT$7:$AT$500"),"?*"),0)) | AD20: =IF($D20="","",IFERROR(COUNTIFS(INDIRECT("'"&$D20&"'!$E$7:$E$500"),"Low",INDIRECT("'"&$D20&"'!$AT$7:$AT$500"),"?*"),0)) | AE20: =IF($D20="","",IFERROR(COUNTIF(INDIRECT("'"&$D20&"'!$P$7:$P$500"),"?*"),0)) | AF20: =IF($D20="","",IFERROR(COUNTIF(INDIRECT("'"&$D20&"'!$P$7:$P$500"),"Pass"),0)) | AG20: =IF($D20="","",IFERROR(COUNTIF(INDIRECT("'"&$D20&"'!$P$7:$P$500"),"Fail"),0)) | AH20: =IF($D20="","",IFERROR(COUNTIF(INDIRECT("'"&$D20&"'!$P$7:$P$500"),"Block"),0)) | AI20: =IF($D20="","",IFERROR(COUNTIF(INDIRECT("'"&$D20&"'!$P$7:$P$500"),"N/A"),0)) | AJ20: =IF($D20="","",IFERROR(COUNTIF(INDIRECT("'"&$D20&"'!$V$7:$V$500"),"?*"),0)) | AK20: =IF($D20="","",IFERROR(COUNTIF(INDIRECT("'"&$D20&"'!$V$7:$V$500"),"Pass"),0)) | AL20: =IF($D20="","",IFERROR(COUNTIF(INDIRECT("'"&$D20&"'!$V$7:$V$500"),"Fail"),0)) | AM20: =IF($D20="","",IFERROR(COUNTIF(INDIRECT("'"&$D20&"'!$V$7:$V$500"),"Block"),0)) | AN20: =IF($D20="","",IFERROR(COUNTIF(INDIRECT("'"&$D20&"'!$V$7:$V$500"),"N/A"),0)) | AO20: =IF($D20="","",IFERROR(COUNTIF(INDIRECT("'"&$D20&"'!$AB$7:$AB$500"),"?*"),0)) | AP20: =IF($D20="","",IFERROR(COUNTIF(INDIRECT("'"&$D20&"'!$AB$7:$AB$500"),"Pass"),0)) | AQ20: =IF($D20="","",IFERROR(COUNTIF(INDIRECT("'"&$D20&"'!$AB$7:$AB$500"),"Fail"),0)) | AR20: =IF($D20="","",IFERROR(COUNTIF(INDIRECT("'"&$D20&"'!$AB$7:$AB$500"),"Block"),0)) | AS20: =IF($D20="","",IFERROR(COUNTIF(INDIRECT("'"&$D20&"'!$AB$7:$AB$500"),"N/A"),0)) | AT20: =IF($D20="","",IFERROR(COUNTIF(INDIRECT("'"&$D20&"'!$AH$7:$AH$500"),"?*"),0)) | AU20: =IF($D20="","",IFERROR(COUNTIF(INDIRECT("'"&$D20&"'!$AH$7:$AH$500"),"Pass"),0)) | AV20: =IF($D20="","",IFERROR(COUNTIF(INDIRECT("'"&$D20&"'!$AH$7:$AH$500"),"Fail"),0)) | AW20: =IF($D20="","",IFERROR(COUNTIF(INDIRECT("'"&$D20&"'!$AH$7:$AH$500"),"Block"),0)) | AX20: =IF($D20="","",IFERROR(COUNTIF(INDIRECT("'"&$D20&"'!$AH$7:$AH$500"),"N/A"),0)) | AY20: =IF($D20="","",IFERROR(COUNTIF(INDIRECT("'"&$D20&"'!$AN$7:$AN$500"),"?*"),0)) | AZ20: =IF($D20="","",IFERROR(COUNTIF(INDIRECT("'"&$D20&"'!$AN$7:$AN$500"),"Pass"),0)) | BA20: =IF($D20="","",IFERROR(COUNTIF(INDIRECT("'"&$D20&"'!$AN$7:$AN$500"),"Fail"),0)) | BB20: =IF($D20="","",IFERROR(COUNTIF(INDIRECT("'"&$D20&"'!$AN$7:$AN$500"),"Block"),0)) | BC20: =IF($D20="","",IFERROR(COUNTIF(INDIRECT("'"&$D20&"'!$AN$7:$AN$500"),"N/A"),0))
B21: =IF($D21="","",ROW()-3) | F21: =IF($D21="","",IFERROR(COUNTIF(INDIRECT("'"&$D21&"'!$A$7:$A$500"),"?*"),0)) | G21: =IF($D21="","",IFERROR(COUNTIF(INDIRECT("'"&$D21&"'!$AT$7:$AT$500"),"Pass"),0)) | H21: =IF($D21="","",IFERROR(COUNTIF(INDIRECT("'"&$D21&"'!$AT$7:$AT$500"),"Fail"),0)) | I21: =IF($D21="","",IFERROR(COUNTIF(INDIRECT("'"&$D21&"'!$AT$7:$AT$500"),"Block"),0)) | J21: =IF($D21="","",IFERROR(COUNTIF(INDIRECT("'"&$D21&"'!$AT$7:$AT$500"),"N/A"),0)) | K21: =IF($D21="","",MAX(0,$F21-$G21-$H21-$I21-$J21)) | L21: =IF($D21="","",$G21+$H21+$I21+$J21) | M21: =IF($D21="","",IFERROR($L21/$F21,0)) | N21: =IF($D21="","",IFERROR($G21/$L21,0)) | O21: =IF($D21="","",IFERROR(COUNTIF(INDIRECT("'"&$D21&"'!$E$7:$E$500"),"High"),0)) | P21: =IF($D21="","",IFERROR(COUNTIF(INDIRECT("'"&$D21&"'!$E$7:$E$500"),"Medium"),0)) | Q21: =IF($D21="","",IFERROR(COUNTIF(INDIRECT("'"&$D21&"'!$E$7:$E$500"),"Low"),0)) | R21: =IF($D21="","",IFERROR(COUNTIF(INDIRECT("'"&$D21&"'!$D$7:$D$500"),"Functional"),0)) | S21: =IF($D21="","",IFERROR(COUNTIF(INDIRECT("'"&$D21&"'!$D$7:$D$500"),"UI"),0)) | T21: =IF($D21="","",IFERROR(COUNTIF(INDIRECT("'"&$D21&"'!$D$7:$D$500"),"Integration"),0)) | U21: =IF($D21="","",IFERROR(COUNTIF(INDIRECT("'"&$D21&"'!$D$7:$D$500"),"Database Test Case"),0)) | V21: =IF($D21="","",IFERROR(COUNTIF(INDIRECT("'"&$D21&"'!$J$7:$J$500"),"AI"),0)) | W21: =IF($D21="","",IFERROR(COUNTIF(INDIRECT("'"&$D21&"'!$J$7:$J$500"),"QC"),0)) | X21: =IF($D21="","",IFERROR(COUNTIF(INDIRECT("'"&$D21&"'!$L$7:$L$500"),"Yes"),0)) | Y21: =IF($D21="","",IFERROR(COUNTIF(INDIRECT("'"&$D21&"'!$AR$7:$AR$500"),"Yes"),0)) | Z21: =IF($D21="","",IFERROR(COUNTIF(INDIRECT("'"&$D21&"'!$AS$7:$AS$500"),"Pass"),0)) | AA21: =IF($D21="","",IFERROR(COUNTIF(INDIRECT("'"&$D21&"'!$K$7:$K$500"),"Reviewed"),0)) | AB21: =IF($D21="","",IFERROR(COUNTIFS(INDIRECT("'"&$D21&"'!$E$7:$E$500"),"High",INDIRECT("'"&$D21&"'!$AT$7:$AT$500"),"?*"),0)) | AC21: =IF($D21="","",IFERROR(COUNTIFS(INDIRECT("'"&$D21&"'!$E$7:$E$500"),"Medium",INDIRECT("'"&$D21&"'!$AT$7:$AT$500"),"?*"),0)) | AD21: =IF($D21="","",IFERROR(COUNTIFS(INDIRECT("'"&$D21&"'!$E$7:$E$500"),"Low",INDIRECT("'"&$D21&"'!$AT$7:$AT$500"),"?*"),0)) | AE21: =IF($D21="","",IFERROR(COUNTIF(INDIRECT("'"&$D21&"'!$P$7:$P$500"),"?*"),0)) | AF21: =IF($D21="","",IFERROR(COUNTIF(INDIRECT("'"&$D21&"'!$P$7:$P$500"),"Pass"),0)) | AG21: =IF($D21="","",IFERROR(COUNTIF(INDIRECT("'"&$D21&"'!$P$7:$P$500"),"Fail"),0)) | AH21: =IF($D21="","",IFERROR(COUNTIF(INDIRECT("'"&$D21&"'!$P$7:$P$500"),"Block"),0)) | AI21: =IF($D21="","",IFERROR(COUNTIF(INDIRECT("'"&$D21&"'!$P$7:$P$500"),"N/A"),0)) | AJ21: =IF($D21="","",IFERROR(COUNTIF(INDIRECT("'"&$D21&"'!$V$7:$V$500"),"?*"),0)) | AK21: =IF($D21="","",IFERROR(COUNTIF(INDIRECT("'"&$D21&"'!$V$7:$V$500"),"Pass"),0)) | AL21: =IF($D21="","",IFERROR(COUNTIF(INDIRECT("'"&$D21&"'!$V$7:$V$500"),"Fail"),0)) | AM21: =IF($D21="","",IFERROR(COUNTIF(INDIRECT("'"&$D21&"'!$V$7:$V$500"),"Block"),0)) | AN21: =IF($D21="","",IFERROR(COUNTIF(INDIRECT("'"&$D21&"'!$V$7:$V$500"),"N/A"),0)) | AO21: =IF($D21="","",IFERROR(COUNTIF(INDIRECT("'"&$D21&"'!$AB$7:$AB$500"),"?*"),0)) | AP21: =IF($D21="","",IFERROR(COUNTIF(INDIRECT("'"&$D21&"'!$AB$7:$AB$500"),"Pass"),0)) | AQ21: =IF($D21="","",IFERROR(COUNTIF(INDIRECT("'"&$D21&"'!$AB$7:$AB$500"),"Fail"),0)) | AR21: =IF($D21="","",IFERROR(COUNTIF(INDIRECT("'"&$D21&"'!$AB$7:$AB$500"),"Block"),0)) | AS21: =IF($D21="","",IFERROR(COUNTIF(INDIRECT("'"&$D21&"'!$AB$7:$AB$500"),"N/A"),0)) | AT21: =IF($D21="","",IFERROR(COUNTIF(INDIRECT("'"&$D21&"'!$AH$7:$AH$500"),"?*"),0)) | AU21: =IF($D21="","",IFERROR(COUNTIF(INDIRECT("'"&$D21&"'!$AH$7:$AH$500"),"Pass"),0)) | AV21: =IF($D21="","",IFERROR(COUNTIF(INDIRECT("'"&$D21&"'!$AH$7:$AH$500"),"Fail"),0)) | AW21: =IF($D21="","",IFERROR(COUNTIF(INDIRECT("'"&$D21&"'!$AH$7:$AH$500"),"Block"),0)) | AX21: =IF($D21="","",IFERROR(COUNTIF(INDIRECT("'"&$D21&"'!$AH$7:$AH$500"),"N/A"),0)) | AY21: =IF($D21="","",IFERROR(COUNTIF(INDIRECT("'"&$D21&"'!$AN$7:$AN$500"),"?*"),0)) | AZ21: =IF($D21="","",IFERROR(COUNTIF(INDIRECT("'"&$D21&"'!$AN$7:$AN$500"),"Pass"),0)) | BA21: =IF($D21="","",IFERROR(COUNTIF(INDIRECT("'"&$D21&"'!$AN$7:$AN$500"),"Fail"),0)) | BB21: =IF($D21="","",IFERROR(COUNTIF(INDIRECT("'"&$D21&"'!$AN$7:$AN$500"),"Block"),0)) | BC21: =IF($D21="","",IFERROR(COUNTIF(INDIRECT("'"&$D21&"'!$AN$7:$AN$500"),"N/A"),0))
B22: =IF($D22="","",ROW()-3) | F22: =IF($D22="","",IFERROR(COUNTIF(INDIRECT("'"&$D22&"'!$A$7:$A$500"),"?*"),0)) | G22: =IF($D22="","",IFERROR(COUNTIF(INDIRECT("'"&$D22&"'!$AT$7:$AT$500"),"Pass"),0)) | H22: =IF($D22="","",IFERROR(COUNTIF(INDIRECT("'"&$D22&"'!$AT$7:$AT$500"),"Fail"),0)) | I22: =IF($D22="","",IFERROR(COUNTIF(INDIRECT("'"&$D22&"'!$AT$7:$AT$500"),"Block"),0)) | J22: =IF($D22="","",IFERROR(COUNTIF(INDIRECT("'"&$D22&"'!$AT$7:$AT$500"),"N/A"),0)) | K22: =IF($D22="","",MAX(0,$F22-$G22-$H22-$I22-$J22)) | L22: =IF($D22="","",$G22+$H22+$I22+$J22) | M22: =IF($D22="","",IFERROR($L22/$F22,0)) | N22: =IF($D22="","",IFERROR($G22/$L22,0)) | O22: =IF($D22="","",IFERROR(COUNTIF(INDIRECT("'"&$D22&"'!$E$7:$E$500"),"High"),0)) | P22: =IF($D22="","",IFERROR(COUNTIF(INDIRECT("'"&$D22&"'!$E$7:$E$500"),"Medium"),0)) | Q22: =IF($D22="","",IFERROR(COUNTIF(INDIRECT("'"&$D22&"'!$E$7:$E$500"),"Low"),0)) | R22: =IF($D22="","",IFERROR(COUNTIF(INDIRECT("'"&$D22&"'!$D$7:$D$500"),"Functional"),0)) | S22: =IF($D22="","",IFERROR(COUNTIF(INDIRECT("'"&$D22&"'!$D$7:$D$500"),"UI"),0)) | T22: =IF($D22="","",IFERROR(COUNTIF(INDIRECT("'"&$D22&"'!$D$7:$D$500"),"Integration"),0)) | U22: =IF($D22="","",IFERROR(COUNTIF(INDIRECT("'"&$D22&"'!$D$7:$D$500"),"Database Test Case"),0)) | V22: =IF($D22="","",IFERROR(COUNTIF(INDIRECT("'"&$D22&"'!$J$7:$J$500"),"AI"),0)) | W22: =IF($D22="","",IFERROR(COUNTIF(INDIRECT("'"&$D22&"'!$J$7:$J$500"),"QC"),0)) | X22: =IF($D22="","",IFERROR(COUNTIF(INDIRECT("'"&$D22&"'!$L$7:$L$500"),"Yes"),0)) | Y22: =IF($D22="","",IFERROR(COUNTIF(INDIRECT("'"&$D22&"'!$AR$7:$AR$500"),"Yes"),0)) | Z22: =IF($D22="","",IFERROR(COUNTIF(INDIRECT("'"&$D22&"'!$AS$7:$AS$500"),"Pass"),0)) | AA22: =IF($D22="","",IFERROR(COUNTIF(INDIRECT("'"&$D22&"'!$K$7:$K$500"),"Reviewed"),0)) | AB22: =IF($D22="","",IFERROR(COUNTIFS(INDIRECT("'"&$D22&"'!$E$7:$E$500"),"High",INDIRECT("'"&$D22&"'!$AT$7:$AT$500"),"?*"),0)) | AC22: =IF($D22="","",IFERROR(COUNTIFS(INDIRECT("'"&$D22&"'!$E$7:$E$500"),"Medium",INDIRECT("'"&$D22&"'!$AT$7:$AT$500"),"?*"),0)) | AD22: =IF($D22="","",IFERROR(COUNTIFS(INDIRECT("'"&$D22&"'!$E$7:$E$500"),"Low",INDIRECT("'"&$D22&"'!$AT$7:$AT$500"),"?*"),0)) | AE22: =IF($D22="","",IFERROR(COUNTIF(INDIRECT("'"&$D22&"'!$P$7:$P$500"),"?*"),0)) | AF22: =IF($D22="","",IFERROR(COUNTIF(INDIRECT("'"&$D22&"'!$P$7:$P$500"),"Pass"),0)) | AG22: =IF($D22="","",IFERROR(COUNTIF(INDIRECT("'"&$D22&"'!$P$7:$P$500"),"Fail"),0)) | AH22: =IF($D22="","",IFERROR(COUNTIF(INDIRECT("'"&$D22&"'!$P$7:$P$500"),"Block"),0)) | AI22: =IF($D22="","",IFERROR(COUNTIF(INDIRECT("'"&$D22&"'!$P$7:$P$500"),"N/A"),0)) | AJ22: =IF($D22="","",IFERROR(COUNTIF(INDIRECT("'"&$D22&"'!$V$7:$V$500"),"?*"),0)) | AK22: =IF($D22="","",IFERROR(COUNTIF(INDIRECT("'"&$D22&"'!$V$7:$V$500"),"Pass"),0)) | AL22: =IF($D22="","",IFERROR(COUNTIF(INDIRECT("'"&$D22&"'!$V$7:$V$500"),"Fail"),0)) | AM22: =IF($D22="","",IFERROR(COUNTIF(INDIRECT("'"&$D22&"'!$V$7:$V$500"),"Block"),0)) | AN22: =IF($D22="","",IFERROR(COUNTIF(INDIRECT("'"&$D22&"'!$V$7:$V$500"),"N/A"),0)) | AO22: =IF($D22="","",IFERROR(COUNTIF(INDIRECT("'"&$D22&"'!$AB$7:$AB$500"),"?*"),0)) | AP22: =IF($D22="","",IFERROR(COUNTIF(INDIRECT("'"&$D22&"'!$AB$7:$AB$500"),"Pass"),0)) | AQ22: =IF($D22="","",IFERROR(COUNTIF(INDIRECT("'"&$D22&"'!$AB$7:$AB$500"),"Fail"),0)) | AR22: =IF($D22="","",IFERROR(COUNTIF(INDIRECT("'"&$D22&"'!$AB$7:$AB$500"),"Block"),0)) | AS22: =IF($D22="","",IFERROR(COUNTIF(INDIRECT("'"&$D22&"'!$AB$7:$AB$500"),"N/A"),0)) | AT22: =IF($D22="","",IFERROR(COUNTIF(INDIRECT("'"&$D22&"'!$AH$7:$AH$500"),"?*"),0)) | AU22: =IF($D22="","",IFERROR(COUNTIF(INDIRECT("'"&$D22&"'!$AH$7:$AH$500"),"Pass"),0)) | AV22: =IF($D22="","",IFERROR(COUNTIF(INDIRECT("'"&$D22&"'!$AH$7:$AH$500"),"Fail"),0)) | AW22: =IF($D22="","",IFERROR(COUNTIF(INDIRECT("'"&$D22&"'!$AH$7:$AH$500"),"Block"),0)) | AX22: =IF($D22="","",IFERROR(COUNTIF(INDIRECT("'"&$D22&"'!$AH$7:$AH$500"),"N/A"),0)) | AY22: =IF($D22="","",IFERROR(COUNTIF(INDIRECT("'"&$D22&"'!$AN$7:$AN$500"),"?*"),0)) | AZ22: =IF($D22="","",IFERROR(COUNTIF(INDIRECT("'"&$D22&"'!$AN$7:$AN$500"),"Pass"),0)) | BA22: =IF($D22="","",IFERROR(COUNTIF(INDIRECT("'"&$D22&"'!$AN$7:$AN$500"),"Fail"),0)) | BB22: =IF($D22="","",IFERROR(COUNTIF(INDIRECT("'"&$D22&"'!$AN$7:$AN$500"),"Block"),0)) | BC22: =IF($D22="","",IFERROR(COUNTIF(INDIRECT("'"&$D22&"'!$AN$7:$AN$500"),"N/A"),0))
B23: =IF($D23="","",ROW()-3) | F23: =IF($D23="","",IFERROR(COUNTIF(INDIRECT("'"&$D23&"'!$A$7:$A$500"),"?*"),0)) | G23: =IF($D23="","",IFERROR(COUNTIF(INDIRECT("'"&$D23&"'!$AT$7:$AT$500"),"Pass"),0)) | H23: =IF($D23="","",IFERROR(COUNTIF(INDIRECT("'"&$D23&"'!$AT$7:$AT$500"),"Fail"),0)) | I23: =IF($D23="","",IFERROR(COUNTIF(INDIRECT("'"&$D23&"'!$AT$7:$AT$500"),"Block"),0)) | J23: =IF($D23="","",IFERROR(COUNTIF(INDIRECT("'"&$D23&"'!$AT$7:$AT$500"),"N/A"),0)) | K23: =IF($D23="","",MAX(0,$F23-$G23-$H23-$I23-$J23)) | L23: =IF($D23="","",$G23+$H23+$I23+$J23) | M23: =IF($D23="","",IFERROR($L23/$F23,0)) | N23: =IF($D23="","",IFERROR($G23/$L23,0)) | O23: =IF($D23="","",IFERROR(COUNTIF(INDIRECT("'"&$D23&"'!$E$7:$E$500"),"High"),0)) | P23: =IF($D23="","",IFERROR(COUNTIF(INDIRECT("'"&$D23&"'!$E$7:$E$500"),"Medium"),0)) | Q23: =IF($D23="","",IFERROR(COUNTIF(INDIRECT("'"&$D23&"'!$E$7:$E$500"),"Low"),0)) | R23: =IF($D23="","",IFERROR(COUNTIF(INDIRECT("'"&$D23&"'!$D$7:$D$500"),"Functional"),0)) | S23: =IF($D23="","",IFERROR(COUNTIF(INDIRECT("'"&$D23&"'!$D$7:$D$500"),"UI"),0)) | T23: =IF($D23="","",IFERROR(COUNTIF(INDIRECT("'"&$D23&"'!$D$7:$D$500"),"Integration"),0)) | U23: =IF($D23="","",IFERROR(COUNTIF(INDIRECT("'"&$D23&"'!$D$7:$D$500"),"Database Test Case"),0)) | V23: =IF($D23="","",IFERROR(COUNTIF(INDIRECT("'"&$D23&"'!$J$7:$J$500"),"AI"),0)) | W23: =IF($D23="","",IFERROR(COUNTIF(INDIRECT("'"&$D23&"'!$J$7:$J$500"),"QC"),0)) | X23: =IF($D23="","",IFERROR(COUNTIF(INDIRECT("'"&$D23&"'!$L$7:$L$500"),"Yes"),0)) | Y23: =IF($D23="","",IFERROR(COUNTIF(INDIRECT("'"&$D23&"'!$AR$7:$AR$500"),"Yes"),0)) | Z23: =IF($D23="","",IFERROR(COUNTIF(INDIRECT("'"&$D23&"'!$AS$7:$AS$500"),"Pass"),0)) | AA23: =IF($D23="","",IFERROR(COUNTIF(INDIRECT("'"&$D23&"'!$K$7:$K$500"),"Reviewed"),0)) | AB23: =IF($D23="","",IFERROR(COUNTIFS(INDIRECT("'"&$D23&"'!$E$7:$E$500"),"High",INDIRECT("'"&$D23&"'!$AT$7:$AT$500"),"?*"),0)) | AC23: =IF($D23="","",IFERROR(COUNTIFS(INDIRECT("'"&$D23&"'!$E$7:$E$500"),"Medium",INDIRECT("'"&$D23&"'!$AT$7:$AT$500"),"?*"),0)) | AD23: =IF($D23="","",IFERROR(COUNTIFS(INDIRECT("'"&$D23&"'!$E$7:$E$500"),"Low",INDIRECT("'"&$D23&"'!$AT$7:$AT$500"),"?*"),0)) | AE23: =IF($D23="","",IFERROR(COUNTIF(INDIRECT("'"&$D23&"'!$P$7:$P$500"),"?*"),0)) | AF23: =IF($D23="","",IFERROR(COUNTIF(INDIRECT("'"&$D23&"'!$P$7:$P$500"),"Pass"),0)) | AG23: =IF($D23="","",IFERROR(COUNTIF(INDIRECT("'"&$D23&"'!$P$7:$P$500"),"Fail"),0)) | AH23: =IF($D23="","",IFERROR(COUNTIF(INDIRECT("'"&$D23&"'!$P$7:$P$500"),"Block"),0)) | AI23: =IF($D23="","",IFERROR(COUNTIF(INDIRECT("'"&$D23&"'!$P$7:$P$500"),"N/A"),0)) | AJ23: =IF($D23="","",IFERROR(COUNTIF(INDIRECT("'"&$D23&"'!$V$7:$V$500"),"?*"),0)) | AK23: =IF($D23="","",IFERROR(COUNTIF(INDIRECT("'"&$D23&"'!$V$7:$V$500"),"Pass"),0)) | AL23: =IF($D23="","",IFERROR(COUNTIF(INDIRECT("'"&$D23&"'!$V$7:$V$500"),"Fail"),0)) | AM23: =IF($D23="","",IFERROR(COUNTIF(INDIRECT("'"&$D23&"'!$V$7:$V$500"),"Block"),0)) | AN23: =IF($D23="","",IFERROR(COUNTIF(INDIRECT("'"&$D23&"'!$V$7:$V$500"),"N/A"),0)) | AO23: =IF($D23="","",IFERROR(COUNTIF(INDIRECT("'"&$D23&"'!$AB$7:$AB$500"),"?*"),0)) | AP23: =IF($D23="","",IFERROR(COUNTIF(INDIRECT("'"&$D23&"'!$AB$7:$AB$500"),"Pass"),0)) | AQ23: =IF($D23="","",IFERROR(COUNTIF(INDIRECT("'"&$D23&"'!$AB$7:$AB$500"),"Fail"),0)) | AR23: =IF($D23="","",IFERROR(COUNTIF(INDIRECT("'"&$D23&"'!$AB$7:$AB$500"),"Block"),0)) | AS23: =IF($D23="","",IFERROR(COUNTIF(INDIRECT("'"&$D23&"'!$AB$7:$AB$500"),"N/A"),0)) | AT23: =IF($D23="","",IFERROR(COUNTIF(INDIRECT("'"&$D23&"'!$AH$7:$AH$500"),"?*"),0)) | AU23: =IF($D23="","",IFERROR(COUNTIF(INDIRECT("'"&$D23&"'!$AH$7:$AH$500"),"Pass"),0)) | AV23: =IF($D23="","",IFERROR(COUNTIF(INDIRECT("'"&$D23&"'!$AH$7:$AH$500"),"Fail"),0)) | AW23: =IF($D23="","",IFERROR(COUNTIF(INDIRECT("'"&$D23&"'!$AH$7:$AH$500"),"Block"),0)) | AX23: =IF($D23="","",IFERROR(COUNTIF(INDIRECT("'"&$D23&"'!$AH$7:$AH$500"),"N/A"),0)) | AY23: =IF($D23="","",IFERROR(COUNTIF(INDIRECT("'"&$D23&"'!$AN$7:$AN$500"),"?*"),0)) | AZ23: =IF($D23="","",IFERROR(COUNTIF(INDIRECT("'"&$D23&"'!$AN$7:$AN$500"),"Pass"),0)) | BA23: =IF($D23="","",IFERROR(COUNTIF(INDIRECT("'"&$D23&"'!$AN$7:$AN$500"),"Fail"),0)) | BB23: =IF($D23="","",IFERROR(COUNTIF(INDIRECT("'"&$D23&"'!$AN$7:$AN$500"),"Block"),0)) | BC23: =IF($D23="","",IFERROR(COUNTIF(INDIRECT("'"&$D23&"'!$AN$7:$AN$500"),"N/A"),0))
B24: =IF($D24="","",ROW()-3) | F24: =IF($D24="","",IFERROR(COUNTIF(INDIRECT("'"&$D24&"'!$A$7:$A$500"),"?*"),0)) | G24: =IF($D24="","",IFERROR(COUNTIF(INDIRECT("'"&$D24&"'!$AT$7:$AT$500"),"Pass"),0)) | H24: =IF($D24="","",IFERROR(COUNTIF(INDIRECT("'"&$D24&"'!$AT$7:$AT$500"),"Fail"),0)) | I24: =IF($D24="","",IFERROR(COUNTIF(INDIRECT("'"&$D24&"'!$AT$7:$AT$500"),"Block"),0)) | J24: =IF($D24="","",IFERROR(COUNTIF(INDIRECT("'"&$D24&"'!$AT$7:$AT$500"),"N/A"),0)) | K24: =IF($D24="","",MAX(0,$F24-$G24-$H24-$I24-$J24)) | L24: =IF($D24="","",$G24+$H24+$I24+$J24) | M24: =IF($D24="","",IFERROR($L24/$F24,0)) | N24: =IF($D24="","",IFERROR($G24/$L24,0)) | O24: =IF($D24="","",IFERROR(COUNTIF(INDIRECT("'"&$D24&"'!$E$7:$E$500"),"High"),0)) | P24: =IF($D24="","",IFERROR(COUNTIF(INDIRECT("'"&$D24&"'!$E$7:$E$500"),"Medium"),0)) | Q24: =IF($D24="","",IFERROR(COUNTIF(INDIRECT("'"&$D24&"'!$E$7:$E$500"),"Low"),0)) | R24: =IF($D24="","",IFERROR(COUNTIF(INDIRECT("'"&$D24&"'!$D$7:$D$500"),"Functional"),0)) | S24: =IF($D24="","",IFERROR(COUNTIF(INDIRECT("'"&$D24&"'!$D$7:$D$500"),"UI"),0)) | T24: =IF($D24="","",IFERROR(COUNTIF(INDIRECT("'"&$D24&"'!$D$7:$D$500"),"Integration"),0)) | U24: =IF($D24="","",IFERROR(COUNTIF(INDIRECT("'"&$D24&"'!$D$7:$D$500"),"Database Test Case"),0)) | V24: =IF($D24="","",IFERROR(COUNTIF(INDIRECT("'"&$D24&"'!$J$7:$J$500"),"AI"),0)) | W24: =IF($D24="","",IFERROR(COUNTIF(INDIRECT("'"&$D24&"'!$J$7:$J$500"),"QC"),0)) | X24: =IF($D24="","",IFERROR(COUNTIF(INDIRECT("'"&$D24&"'!$L$7:$L$500"),"Yes"),0)) | Y24: =IF($D24="","",IFERROR(COUNTIF(INDIRECT("'"&$D24&"'!$AR$7:$AR$500"),"Yes"),0)) | Z24: =IF($D24="","",IFERROR(COUNTIF(INDIRECT("'"&$D24&"'!$AS$7:$AS$500"),"Pass"),0)) | AA24: =IF($D24="","",IFERROR(COUNTIF(INDIRECT("'"&$D24&"'!$K$7:$K$500"),"Reviewed"),0)) | AB24: =IF($D24="","",IFERROR(COUNTIFS(INDIRECT("'"&$D24&"'!$E$7:$E$500"),"High",INDIRECT("'"&$D24&"'!$AT$7:$AT$500"),"?*"),0)) | AC24: =IF($D24="","",IFERROR(COUNTIFS(INDIRECT("'"&$D24&"'!$E$7:$E$500"),"Medium",INDIRECT("'"&$D24&"'!$AT$7:$AT$500"),"?*"),0)) | AD24: =IF($D24="","",IFERROR(COUNTIFS(INDIRECT("'"&$D24&"'!$E$7:$E$500"),"Low",INDIRECT("'"&$D24&"'!$AT$7:$AT$500"),"?*"),0)) | AE24: =IF($D24="","",IFERROR(COUNTIF(INDIRECT("'"&$D24&"'!$P$7:$P$500"),"?*"),0)) | AF24: =IF($D24="","",IFERROR(COUNTIF(INDIRECT("'"&$D24&"'!$P$7:$P$500"),"Pass"),0)) | AG24: =IF($D24="","",IFERROR(COUNTIF(INDIRECT("'"&$D24&"'!$P$7:$P$500"),"Fail"),0)) | AH24: =IF($D24="","",IFERROR(COUNTIF(INDIRECT("'"&$D24&"'!$P$7:$P$500"),"Block"),0)) | AI24: =IF($D24="","",IFERROR(COUNTIF(INDIRECT("'"&$D24&"'!$P$7:$P$500"),"N/A"),0)) | AJ24: =IF($D24="","",IFERROR(COUNTIF(INDIRECT("'"&$D24&"'!$V$7:$V$500"),"?*"),0)) | AK24: =IF($D24="","",IFERROR(COUNTIF(INDIRECT("'"&$D24&"'!$V$7:$V$500"),"Pass"),0)) | AL24: =IF($D24="","",IFERROR(COUNTIF(INDIRECT("'"&$D24&"'!$V$7:$V$500"),"Fail"),0)) | AM24: =IF($D24="","",IFERROR(COUNTIF(INDIRECT("'"&$D24&"'!$V$7:$V$500"),"Block"),0)) | AN24: =IF($D24="","",IFERROR(COUNTIF(INDIRECT("'"&$D24&"'!$V$7:$V$500"),"N/A"),0)) | AO24: =IF($D24="","",IFERROR(COUNTIF(INDIRECT("'"&$D24&"'!$AB$7:$AB$500"),"?*"),0)) | AP24: =IF($D24="","",IFERROR(COUNTIF(INDIRECT("'"&$D24&"'!$AB$7:$AB$500"),"Pass"),0)) | AQ24: =IF($D24="","",IFERROR(COUNTIF(INDIRECT("'"&$D24&"'!$AB$7:$AB$500"),"Fail"),0)) | AR24: =IF($D24="","",IFERROR(COUNTIF(INDIRECT("'"&$D24&"'!$AB$7:$AB$500"),"Block"),0)) | AS24: =IF($D24="","",IFERROR(COUNTIF(INDIRECT("'"&$D24&"'!$AB$7:$AB$500"),"N/A"),0)) | AT24: =IF($D24="","",IFERROR(COUNTIF(INDIRECT("'"&$D24&"'!$AH$7:$AH$500"),"?*"),0)) | AU24: =IF($D24="","",IFERROR(COUNTIF(INDIRECT("'"&$D24&"'!$AH$7:$AH$500"),"Pass"),0)) | AV24: =IF($D24="","",IFERROR(COUNTIF(INDIRECT("'"&$D24&"'!$AH$7:$AH$500"),"Fail"),0)) | AW24: =IF($D24="","",IFERROR(COUNTIF(INDIRECT("'"&$D24&"'!$AH$7:$AH$500"),"Block"),0)) | AX24: =IF($D24="","",IFERROR(COUNTIF(INDIRECT("'"&$D24&"'!$AH$7:$AH$500"),"N/A"),0)) | AY24: =IF($D24="","",IFERROR(COUNTIF(INDIRECT("'"&$D24&"'!$AN$7:$AN$500"),"?*"),0)) | AZ24: =IF($D24="","",IFERROR(COUNTIF(INDIRECT("'"&$D24&"'!$AN$7:$AN$500"),"Pass"),0)) | BA24: =IF($D24="","",IFERROR(COUNTIF(INDIRECT("'"&$D24&"'!$AN$7:$AN$500"),"Fail"),0)) | BB24: =IF($D24="","",IFERROR(COUNTIF(INDIRECT("'"&$D24&"'!$AN$7:$AN$500"),"Block"),0)) | BC24: =IF($D24="","",IFERROR(COUNTIF(INDIRECT("'"&$D24&"'!$AN$7:$AN$500"),"N/A"),0))
B25: =IF($D25="","",ROW()-3) | F25: =IF($D25="","",IFERROR(COUNTIF(INDIRECT("'"&$D25&"'!$A$7:$A$500"),"?*"),0)) | G25: =IF($D25="","",IFERROR(COUNTIF(INDIRECT("'"&$D25&"'!$AT$7:$AT$500"),"Pass"),0)) | H25: =IF($D25="","",IFERROR(COUNTIF(INDIRECT("'"&$D25&"'!$AT$7:$AT$500"),"Fail"),0)) | I25: =IF($D25="","",IFERROR(COUNTIF(INDIRECT("'"&$D25&"'!$AT$7:$AT$500"),"Block"),0)) | J25: =IF($D25="","",IFERROR(COUNTIF(INDIRECT("'"&$D25&"'!$AT$7:$AT$500"),"N/A"),0)) | K25: =IF($D25="","",MAX(0,$F25-$G25-$H25-$I25-$J25)) | L25: =IF($D25="","",$G25+$H25+$I25+$J25) | M25: =IF($D25="","",IFERROR($L25/$F25,0)) | N25: =IF($D25="","",IFERROR($G25/$L25,0)) | O25: =IF($D25="","",IFERROR(COUNTIF(INDIRECT("'"&$D25&"'!$E$7:$E$500"),"High"),0)) | P25: =IF($D25="","",IFERROR(COUNTIF(INDIRECT("'"&$D25&"'!$E$7:$E$500"),"Medium"),0)) | Q25: =IF($D25="","",IFERROR(COUNTIF(INDIRECT("'"&$D25&"'!$E$7:$E$500"),"Low"),0)) | R25: =IF($D25="","",IFERROR(COUNTIF(INDIRECT("'"&$D25&"'!$D$7:$D$500"),"Functional"),0)) | S25: =IF($D25="","",IFERROR(COUNTIF(INDIRECT("'"&$D25&"'!$D$7:$D$500"),"UI"),0)) | T25: =IF($D25="","",IFERROR(COUNTIF(INDIRECT("'"&$D25&"'!$D$7:$D$500"),"Integration"),0)) | U25: =IF($D25="","",IFERROR(COUNTIF(INDIRECT("'"&$D25&"'!$D$7:$D$500"),"Database Test Case"),0)) | V25: =IF($D25="","",IFERROR(COUNTIF(INDIRECT("'"&$D25&"'!$J$7:$J$500"),"AI"),0)) | W25: =IF($D25="","",IFERROR(COUNTIF(INDIRECT("'"&$D25&"'!$J$7:$J$500"),"QC"),0)) | X25: =IF($D25="","",IFERROR(COUNTIF(INDIRECT("'"&$D25&"'!$L$7:$L$500"),"Yes"),0)) | Y25: =IF($D25="","",IFERROR(COUNTIF(INDIRECT("'"&$D25&"'!$AR$7:$AR$500"),"Yes"),0)) | Z25: =IF($D25="","",IFERROR(COUNTIF(INDIRECT("'"&$D25&"'!$AS$7:$AS$500"),"Pass"),0)) | AA25: =IF($D25="","",IFERROR(COUNTIF(INDIRECT("'"&$D25&"'!$K$7:$K$500"),"Reviewed"),0)) | AB25: =IF($D25="","",IFERROR(COUNTIFS(INDIRECT("'"&$D25&"'!$E$7:$E$500"),"High",INDIRECT("'"&$D25&"'!$AT$7:$AT$500"),"?*"),0)) | AC25: =IF($D25="","",IFERROR(COUNTIFS(INDIRECT("'"&$D25&"'!$E$7:$E$500"),"Medium",INDIRECT("'"&$D25&"'!$AT$7:$AT$500"),"?*"),0)) | AD25: =IF($D25="","",IFERROR(COUNTIFS(INDIRECT("'"&$D25&"'!$E$7:$E$500"),"Low",INDIRECT("'"&$D25&"'!$AT$7:$AT$500"),"?*"),0)) | AE25: =IF($D25="","",IFERROR(COUNTIF(INDIRECT("'"&$D25&"'!$P$7:$P$500"),"?*"),0)) | AF25: =IF($D25="","",IFERROR(COUNTIF(INDIRECT("'"&$D25&"'!$P$7:$P$500"),"Pass"),0)) | AG25: =IF($D25="","",IFERROR(COUNTIF(INDIRECT("'"&$D25&"'!$P$7:$P$500"),"Fail"),0)) | AH25: =IF($D25="","",IFERROR(COUNTIF(INDIRECT("'"&$D25&"'!$P$7:$P$500"),"Block"),0)) | AI25: =IF($D25="","",IFERROR(COUNTIF(INDIRECT("'"&$D25&"'!$P$7:$P$500"),"N/A"),0)) | AJ25: =IF($D25="","",IFERROR(COUNTIF(INDIRECT("'"&$D25&"'!$V$7:$V$500"),"?*"),0)) | AK25: =IF($D25="","",IFERROR(COUNTIF(INDIRECT("'"&$D25&"'!$V$7:$V$500"),"Pass"),0)) | AL25: =IF($D25="","",IFERROR(COUNTIF(INDIRECT("'"&$D25&"'!$V$7:$V$500"),"Fail"),0)) | AM25: =IF($D25="","",IFERROR(COUNTIF(INDIRECT("'"&$D25&"'!$V$7:$V$500"),"Block"),0)) | AN25: =IF($D25="","",IFERROR(COUNTIF(INDIRECT("'"&$D25&"'!$V$7:$V$500"),"N/A"),0)) | AO25: =IF($D25="","",IFERROR(COUNTIF(INDIRECT("'"&$D25&"'!$AB$7:$AB$500"),"?*"),0)) | AP25: =IF($D25="","",IFERROR(COUNTIF(INDIRECT("'"&$D25&"'!$AB$7:$AB$500"),"Pass"),0)) | AQ25: =IF($D25="","",IFERROR(COUNTIF(INDIRECT("'"&$D25&"'!$AB$7:$AB$500"),"Fail"),0)) | AR25: =IF($D25="","",IFERROR(COUNTIF(INDIRECT("'"&$D25&"'!$AB$7:$AB$500"),"Block"),0)) | AS25: =IF($D25="","",IFERROR(COUNTIF(INDIRECT("'"&$D25&"'!$AB$7:$AB$500"),"N/A"),0)) | AT25: =IF($D25="","",IFERROR(COUNTIF(INDIRECT("'"&$D25&"'!$AH$7:$AH$500"),"?*"),0)) | AU25: =IF($D25="","",IFERROR(COUNTIF(INDIRECT("'"&$D25&"'!$AH$7:$AH$500"),"Pass"),0)) | AV25: =IF($D25="","",IFERROR(COUNTIF(INDIRECT("'"&$D25&"'!$AH$7:$AH$500"),"Fail"),0)) | AW25: =IF($D25="","",IFERROR(COUNTIF(INDIRECT("'"&$D25&"'!$AH$7:$AH$500"),"Block"),0)) | AX25: =IF($D25="","",IFERROR(COUNTIF(INDIRECT("'"&$D25&"'!$AH$7:$AH$500"),"N/A"),0)) | AY25: =IF($D25="","",IFERROR(COUNTIF(INDIRECT("'"&$D25&"'!$AN$7:$AN$500"),"?*"),0)) | AZ25: =IF($D25="","",IFERROR(COUNTIF(INDIRECT("'"&$D25&"'!$AN$7:$AN$500"),"Pass"),0)) | BA25: =IF($D25="","",IFERROR(COUNTIF(INDIRECT("'"&$D25&"'!$AN$7:$AN$500"),"Fail"),0)) | BB25: =IF($D25="","",IFERROR(COUNTIF(INDIRECT("'"&$D25&"'!$AN$7:$AN$500"),"Block"),0)) | BC25: =IF($D25="","",IFERROR(COUNTIF(INDIRECT("'"&$D25&"'!$AN$7:$AN$500"),"N/A"),0))
B26: =IF($D26="","",ROW()-3) | F26: =IF($D26="","",IFERROR(COUNTIF(INDIRECT("'"&$D26&"'!$A$7:$A$500"),"?*"),0)) | G26: =IF($D26="","",IFERROR(COUNTIF(INDIRECT("'"&$D26&"'!$AT$7:$AT$500"),"Pass"),0)) | H26: =IF($D26="","",IFERROR(COUNTIF(INDIRECT("'"&$D26&"'!$AT$7:$AT$500"),"Fail"),0)) | I26: =IF($D26="","",IFERROR(COUNTIF(INDIRECT("'"&$D26&"'!$AT$7:$AT$500"),"Block"),0)) | J26: =IF($D26="","",IFERROR(COUNTIF(INDIRECT("'"&$D26&"'!$AT$7:$AT$500"),"N/A"),0)) | K26: =IF($D26="","",MAX(0,$F26-$G26-$H26-$I26-$J26)) | L26: =IF($D26="","",$G26+$H26+$I26+$J26) | M26: =IF($D26="","",IFERROR($L26/$F26,0)) | N26: =IF($D26="","",IFERROR($G26/$L26,0)) | O26: =IF($D26="","",IFERROR(COUNTIF(INDIRECT("'"&$D26&"'!$E$7:$E$500"),"High"),0)) | P26: =IF($D26="","",IFERROR(COUNTIF(INDIRECT("'"&$D26&"'!$E$7:$E$500"),"Medium"),0)) | Q26: =IF($D26="","",IFERROR(COUNTIF(INDIRECT("'"&$D26&"'!$E$7:$E$500"),"Low"),0)) | R26: =IF($D26="","",IFERROR(COUNTIF(INDIRECT("'"&$D26&"'!$D$7:$D$500"),"Functional"),0)) | S26: =IF($D26="","",IFERROR(COUNTIF(INDIRECT("'"&$D26&"'!$D$7:$D$500"),"UI"),0)) | T26: =IF($D26="","",IFERROR(COUNTIF(INDIRECT("'"&$D26&"'!$D$7:$D$500"),"Integration"),0)) | U26: =IF($D26="","",IFERROR(COUNTIF(INDIRECT("'"&$D26&"'!$D$7:$D$500"),"Database Test Case"),0)) | V26: =IF($D26="","",IFERROR(COUNTIF(INDIRECT("'"&$D26&"'!$J$7:$J$500"),"AI"),0)) | W26: =IF($D26="","",IFERROR(COUNTIF(INDIRECT("'"&$D26&"'!$J$7:$J$500"),"QC"),0)) | X26: =IF($D26="","",IFERROR(COUNTIF(INDIRECT("'"&$D26&"'!$L$7:$L$500"),"Yes"),0)) | Y26: =IF($D26="","",IFERROR(COUNTIF(INDIRECT("'"&$D26&"'!$AR$7:$AR$500"),"Yes"),0)) | Z26: =IF($D26="","",IFERROR(COUNTIF(INDIRECT("'"&$D26&"'!$AS$7:$AS$500"),"Pass"),0)) | AA26: =IF($D26="","",IFERROR(COUNTIF(INDIRECT("'"&$D26&"'!$K$7:$K$500"),"Reviewed"),0)) | AB26: =IF($D26="","",IFERROR(COUNTIFS(INDIRECT("'"&$D26&"'!$E$7:$E$500"),"High",INDIRECT("'"&$D26&"'!$AT$7:$AT$500"),"?*"),0)) | AC26: =IF($D26="","",IFERROR(COUNTIFS(INDIRECT("'"&$D26&"'!$E$7:$E$500"),"Medium",INDIRECT("'"&$D26&"'!$AT$7:$AT$500"),"?*"),0)) | AD26: =IF($D26="","",IFERROR(COUNTIFS(INDIRECT("'"&$D26&"'!$E$7:$E$500"),"Low",INDIRECT("'"&$D26&"'!$AT$7:$AT$500"),"?*"),0)) | AE26: =IF($D26="","",IFERROR(COUNTIF(INDIRECT("'"&$D26&"'!$P$7:$P$500"),"?*"),0)) | AF26: =IF($D26="","",IFERROR(COUNTIF(INDIRECT("'"&$D26&"'!$P$7:$P$500"),"Pass"),0)) | AG26: =IF($D26="","",IFERROR(COUNTIF(INDIRECT("'"&$D26&"'!$P$7:$P$500"),"Fail"),0)) | AH26: =IF($D26="","",IFERROR(COUNTIF(INDIRECT("'"&$D26&"'!$P$7:$P$500"),"Block"),0)) | AI26: =IF($D26="","",IFERROR(COUNTIF(INDIRECT("'"&$D26&"'!$P$7:$P$500"),"N/A"),0)) | AJ26: =IF($D26="","",IFERROR(COUNTIF(INDIRECT("'"&$D26&"'!$V$7:$V$500"),"?*"),0)) | AK26: =IF($D26="","",IFERROR(COUNTIF(INDIRECT("'"&$D26&"'!$V$7:$V$500"),"Pass"),0)) | AL26: =IF($D26="","",IFERROR(COUNTIF(INDIRECT("'"&$D26&"'!$V$7:$V$500"),"Fail"),0)) | AM26: =IF($D26="","",IFERROR(COUNTIF(INDIRECT("'"&$D26&"'!$V$7:$V$500"),"Block"),0)) | AN26: =IF($D26="","",IFERROR(COUNTIF(INDIRECT("'"&$D26&"'!$V$7:$V$500"),"N/A"),0)) | AO26: =IF($D26="","",IFERROR(COUNTIF(INDIRECT("'"&$D26&"'!$AB$7:$AB$500"),"?*"),0)) | AP26: =IF($D26="","",IFERROR(COUNTIF(INDIRECT("'"&$D26&"'!$AB$7:$AB$500"),"Pass"),0)) | AQ26: =IF($D26="","",IFERROR(COUNTIF(INDIRECT("'"&$D26&"'!$AB$7:$AB$500"),"Fail"),0)) | AR26: =IF($D26="","",IFERROR(COUNTIF(INDIRECT("'"&$D26&"'!$AB$7:$AB$500"),"Block"),0)) | AS26: =IF($D26="","",IFERROR(COUNTIF(INDIRECT("'"&$D26&"'!$AB$7:$AB$500"),"N/A"),0)) | AT26: =IF($D26="","",IFERROR(COUNTIF(INDIRECT("'"&$D26&"'!$AH$7:$AH$500"),"?*"),0)) | AU26: =IF($D26="","",IFERROR(COUNTIF(INDIRECT("'"&$D26&"'!$AH$7:$AH$500"),"Pass"),0)) | AV26: =IF($D26="","",IFERROR(COUNTIF(INDIRECT("'"&$D26&"'!$AH$7:$AH$500"),"Fail"),0)) | AW26: =IF($D26="","",IFERROR(COUNTIF(INDIRECT("'"&$D26&"'!$AH$7:$AH$500"),"Block"),0)) | AX26: =IF($D26="","",IFERROR(COUNTIF(INDIRECT("'"&$D26&"'!$AH$7:$AH$500"),"N/A"),0)) | AY26: =IF($D26="","",IFERROR(COUNTIF(INDIRECT("'"&$D26&"'!$AN$7:$AN$500"),"?*"),0)) | AZ26: =IF($D26="","",IFERROR(COUNTIF(INDIRECT("'"&$D26&"'!$AN$7:$AN$500"),"Pass"),0)) | BA26: =IF($D26="","",IFERROR(COUNTIF(INDIRECT("'"&$D26&"'!$AN$7:$AN$500"),"Fail"),0)) | BB26: =IF($D26="","",IFERROR(COUNTIF(INDIRECT("'"&$D26&"'!$AN$7:$AN$500"),"Block"),0)) | BC26: =IF($D26="","",IFERROR(COUNTIF(INDIRECT("'"&$D26&"'!$AN$7:$AN$500"),"N/A"),0))
... B33: =IF($D33="","",ROW()-3) | F33: =IF($D33="","",IFERROR(COUNTIF(INDIRECT("'"&$D33&"'!$A$7:$A$500"),"?*"),0)) | G33: =IF($D33="","",IFERROR(COUNTIF(INDIRECT("'"&$D33&"'!$AT$7:$AT$500"),"Pass"),0)) | H33: =IF($D33="","",IFERROR(COUNTIF(INDIRECT("'"&$D33&"'!$AT$7:$AT$500"),"Fail"),0)) | I33: =IF($D33="","",IFERROR(COUNTIF(INDIRECT("'"&$D33&"'!$AT$7:$AT$500"),"Block"),0)) | J33: =IF($D33="","",IFERROR(COUNTIF(INDIRECT("'"&$D33&"'!$AT$7:$AT$500"),"N/A"),0)) | K33: =IF($D33="","",MAX(0,$F33-$G33-$H33-$I33-$J33)) | L33: =IF($D33="","",$G33+$H33+$I33+$J33) | M33: =IF($D33="","",IFERROR($L33/$F33,0)) | N33: =IF($D33="","",IFERROR($G33/$L33,0)) | O33: =IF($D33="","",IFERROR(COUNTIF(INDIRECT("'"&$D33&"'!$E$7:$E$500"),"High"),0)) | P33: =IF($D33="","",IFERROR(COUNTIF(INDIRECT("'"&$D33&"'!$E$7:$E$500"),"Medium"),0)) | Q33: =IF($D33="","",IFERROR(COUNTIF(INDIRECT("'"&$D33&"'!$E$7:$E$500"),"Low"),0)) | R33: =IF($D33="","",IFERROR(COUNTIF(INDIRECT("'"&$D33&"'!$D$7:$D$500"),"Functional"),0)) | S33: =IF($D33="","",IFERROR(COUNTIF(INDIRECT("'"&$D33&"'!$D$7:$D$500"),"UI"),0)) | T33: =IF($D33="","",IFERROR(COUNTIF(INDIRECT("'"&$D33&"'!$D$7:$D$500"),"Integration"),0)) | U33: =IF($D33="","",IFERROR(COUNTIF(INDIRECT("'"&$D33&"'!$D$7:$D$500"),"Database Test Case"),0)) | V33: =IF($D33="","",IFERROR(COUNTIF(INDIRECT("'"&$D33&"'!$J$7:$J$500"),"AI"),0)) | W33: =IF($D33="","",IFERROR(COUNTIF(INDIRECT("'"&$D33&"'!$J$7:$J$500"),"QC"),0)) | X33: =IF($D33="","",IFERROR(COUNTIF(INDIRECT("'"&$D33&"'!$L$7:$L$500"),"Yes"),0)) | Y33: =IF($D33="","",IFERROR(COUNTIF(INDIRECT("'"&$D33&"'!$AR$7:$AR$500"),"Yes"),0)) | Z33: =IF($D33="","",IFERROR(COUNTIF(INDIRECT("'"&$D33&"'!$AS$7:$AS$500"),"Pass"),0)) | AA33: =IF($D33="","",IFERROR(COUNTIF(INDIRECT("'"&$D33&"'!$K$7:$K$500"),"Reviewed"),0)) | AB33: =IF($D33="","",IFERROR(COUNTIFS(INDIRECT("'"&$D33&"'!$E$7:$E$500"),"High",INDIRECT("'"&$D33&"'!$AT$7:$AT$500"),"?*"),0)) | AC33: =IF($D33="","",IFERROR(COUNTIFS(INDIRECT("'"&$D33&"'!$E$7:$E$500"),"Medium",INDIRECT("'"&$D33&"'!$AT$7:$AT$500"),"?*"),0)) | AD33: =IF($D33="","",IFERROR(COUNTIFS(INDIRECT("'"&$D33&"'!$E$7:$E$500"),"Low",INDIRECT("'"&$D33&"'!$AT$7:$AT$500"),"?*"),0)) | AE33: =IF($D33="","",IFERROR(COUNTIF(INDIRECT("'"&$D33&"'!$P$7:$P$500"),"?*"),0)) | AF33: =IF($D33="","",IFERROR(COUNTIF(INDIRECT("'"&$D33&"'!$P$7:$P$500"),"Pass"),0)) | AG33: =IF($D33="","",IFERROR(COUNTIF(INDIRECT("'"&$D33&"'!$P$7:$P$500"),"Fail"),0)) | AH33: =IF($D33="","",IFERROR(COUNTIF(INDIRECT("'"&$D33&"'!$P$7:$P$500"),"Block"),0)) | AI33: =IF($D33="","",IFERROR(COUNTIF(INDIRECT("'"&$D33&"'!$P$7:$P$500"),"N/A"),0)) | AJ33: =IF($D33="","",IFERROR(COUNTIF(INDIRECT("'"&$D33&"'!$V$7:$V$500"),"?*"),0)) | AK33: =IF($D33="","",IFERROR(COUNTIF(INDIRECT("'"&$D33&"'!$V$7:$V$500"),"Pass"),0)) | AL33: =IF($D33="","",IFERROR(COUNTIF(INDIRECT("'"&$D33&"'!$V$7:$V$500"),"Fail"),0)) | AM33: =IF($D33="","",IFERROR(COUNTIF(INDIRECT("'"&$D33&"'!$V$7:$V$500"),"Block"),0)) | AN33: =IF($D33="","",IFERROR(COUNTIF(INDIRECT("'"&$D33&"'!$V$7:$V$500"),"N/A"),0)) | AO33: =IF($D33="","",IFERROR(COUNTIF(INDIRECT("'"&$D33&"'!$AB$7:$AB$500"),"?*"),0)) | AP33: =IF($D33="","",IFERROR(COUNTIF(INDIRECT("'"&$D33&"'!$AB$7:$AB$500"),"Pass"),0)) | AQ33: =IF($D33="","",IFERROR(COUNTIF(INDIRECT("'"&$D33&"'!$AB$7:$AB$500"),"Fail"),0)) | AR33: =IF($D33="","",IFERROR(COUNTIF(INDIRECT("'"&$D33&"'!$AB$7:$AB$500"),"Block"),0)) | AS33: =IF($D33="","",IFERROR(COUNTIF(INDIRECT("'"&$D33&"'!$AB$7:$AB$500"),"N/A"),0)) | AT33: =IF($D33="","",IFERROR(COUNTIF(INDIRECT("'"&$D33&"'!$AH$7:$AH$500"),"?*"),0)) | AU33: =IF($D33="","",IFERROR(COUNTIF(INDIRECT("'"&$D33&"'!$AH$7:$AH$500"),"Pass"),0)) | AV33: =IF($D33="","",IFERROR(COUNTIF(INDIRECT("'"&$D33&"'!$AH$7:$AH$500"),"Fail"),0)) | AW33: =IF($D33="","",IFERROR(COUNTIF(INDIRECT("'"&$D33&"'!$AH$7:$AH$500"),"Block"),0)) | AX33: =IF($D33="","",IFERROR(COUNTIF(INDIRECT("'"&$D33&"'!$AH$7:$AH$500"),"N/A"),0)) | AY33: =IF($D33="","",IFERROR(COUNTIF(INDIRECT("'"&$D33&"'!$AN$7:$AN$500"),"?*"),0)) | AZ33: =IF($D33="","",IFERROR(COUNTIF(INDIRECT("'"&$D33&"'!$AN$7:$AN$500"),"Pass"),0)) | BA33: =IF($D33="","",IFERROR(COUNTIF(INDIRECT("'"&$D33&"'!$AN$7:$AN$500"),"Fail"),0)) | BB33: =IF($D33="","",IFERROR(COUNTIF(INDIRECT("'"&$D33&"'!$AN$7:$AN$500"),"Block"),0)) | BC33: =IF($D33="","",IFERROR(COUNTIF(INDIRECT("'"&$D33&"'!$AN$7:$AN$500"),"N/A"),0))
B34: TOTAL | D34: =COUNTIF($D$4:$D$33,"?*")&" sheet" | F34: =SUM(F4:F33) | G34: =SUM(G4:G33) | H34: =SUM(H4:H33) | I34: =SUM(I4:I33) | J34: =SUM(J4:J33) | K34: =SUM(K4:K33) | L34: =SUM(L4:L33) | M34: =IFERROR($L34/$F34,0) | N34: =IFERROR($G34/$L34,0) | O34: =SUM(O4:O33) | P34: =SUM(P4:P33) | Q34: =SUM(Q4:Q33) | R34: =SUM(R4:R33) | S34: =SUM(S4:S33) | T34: =SUM(T4:T33) | U34: =SUM(U4:U33) | V34: =SUM(V4:V33) | ... BC34: =SUM(BC4:BC33)
B36: CÁCH THÊM 1 FUNCTION MỚI (chạy được cả Excel & Google Sheets):
B37: 1. Nhân bản (Duplicate) 1 sheet Test Case có sẵn → đổi tên tab thành tên function mới.
B38: 2. Thêm 1 dòng ở bảng trên: nhập Mã CN, TÊN TAB SHEET (phải giống hệt tên tab), Function.
B39: 3. Xong! Tổng TC / Pass / Coverage / Priority / SDLC tự cộng vào Summary & Report Test.
B40: Lưu ý: cột "Tên tab sheet" phải trùng KHÍT tên tab (kể cả khoảng trắng). Sai tên → dòng đó = 0 (không lỗi).
B41: Các chỉ số lấy từ sheet Test Case: A=Testcase ID · D=Group · E=Priority · J=Origin · K=Review · L=Auto · AR=Vibe(tổng) · AS=KQ Script(tổng) · Kết quả từng round: P/V/AB/AH/AN · Status(mới nhất)=AT.

Sheet Report Test
B2: I. THÔNG TIN CHUNG | F2: TỔNG QUAN NHANH
B3: Tên dự án | C3: =Summary!$C$6 | F3: Tổng số Bug | I3: =I21
B4: Version | C4: =Summary!$C$8 | F4: Critical + Major | I4: =C102+C103
B5: Sprint | C5: =Summary!$C$9 | F5: % Bug đã đóng | I5: =IFERROR(((COUNTIFS('Bug Data'!$D:$D,"Done")+COUNTIFS('Bug Data'!$D:$D,"Closed")+COUNTIFS('Bug Data'!$D:$D,"Resolved"))+(COUNTIFS('Bug Data'!$D:$D,"Cancel")+COUNTIFS('Bug Data'!$D:$D,"Cancelled")+COUNTIFS('Bug Data'!$D:$D,"Canceled")))/COUNTIF('Bug Data'!$D$2:$D$250,"?*"),0)
B6: Test Period | C6: =TEXT(Summary!$C$10,"DD/MM/YYYY")&" → "&TEXT(Summary!$C$11,"DD/MM/YYYY") | F6: % Coverage (thực thi) | I6: =IFERROR(Dashboard!$L$34/Dashboard!$F$34,0)
B7: Thông tin dự án load tự động từ sheet Summary (PROJECT SETUP). Môi trường · thiết bị · tài khoản · phạm vi test: xem mục 'MÔI TRƯỜNG & PHẠM VI TEST' trong Summary. | F7: % Automation | I7: =D205
F8: % Bug do AI phát hiện | I8: =D209
F9: % TC Pass | I9: =IFERROR(C85/C90,0)
F10: Critical/Major còn Open | I10: =(COUNTIFS('Bug Data'!$D:$D,"?*",'Bug Data'!$L:$L,20)-(COUNTIFS('Bug Data'!$D:$D,"Done",'Bug Data'!$L:$L,20)+COUNTIFS('Bug Data'!$D:$D,"Closed",'Bug Data'!$L:$L,20)+COUNTIFS('Bug Data'!$D:$D,"Resolved",'Bug Data'!$L:$L,20))-(COUNTIFS('Bug Data'!$D:$D,"Cancel",'Bug Data'!$L:$L,20)+COUNTIFS('Bug Data'!$D:$D,"Cancelled",'Bug Data'!$L:$L,20)+COUNTIFS('Bug Data'!$D:$D,"Canceled",'Bug Data'!$L:$L,20)))+(COUNTIFS('Bug Data'!$D:$D,"?*",'Bug Data'!$L:$L,10)-(COUNTIFS('Bug Data'!$D:$D,"Done",'Bug Data'!$L:$L,10)+COUNTIFS('Bug Data'!$D:$D,"Closed",'Bug Data'!$L:$L,10)+COUNTIFS('Bug Data'!$D:$D,"Resolved",'Bug Data'!$L:$L,10))-(COUNTIFS('Bug Data'!$D:$D,"Cancel",'Bug Data'!$L:$L,10)+COUNTIFS('Bug Data'!$D:$D,"Cancelled",'Bug Data'!$L:$L,10)+COUNTIFS('Bug Data'!$D:$D,"Canceled",'Bug Data'!$L:$L,10)))
B11: II. REPORT TEST | F11: KPI = chỉ số chính (Key Performance Indicator). Ô có màu = nhập ở khối III / Data; số tự cập nhật.
B13: PHẦN A — TỔNG QUAN
B15: 1. Total Test
B16: 1a. Bug Status theo nền tảng (Platform)
B17: Nền tảng | C17: To Do | D17: In Progress | E17: In Review | F17: Pending | G17: Cancel | H17: Done | I17: Total
B18: Web | C18: =COUNTIFS('Bug Data'!$D:$D,"To Do",'Bug Data'!$N:$N,$B18)+COUNTIFS('Bug Data'!$D:$D,"Todo",'Bug Data'!$N:$N,$B18) | D18: =COUNTIFS('Bug Data'!$D:$D,"In Progress",'Bug Data'!$N:$N,$B18) | E18: =COUNTIFS('Bug Data'!$D:$D,"In Review",'Bug Data'!$N:$N,$B18) | F18: =COUNTIFS('Bug Data'!$D:$D,"Pending",'Bug Data'!$N:$N,$B18) | G18: =COUNTIFS('Bug Data'!$D:$D,"Cancel",'Bug Data'!$N:$N,$B18)+COUNTIFS('Bug Data'!$D:$D,"Cancelled",'Bug Data'!$N:$N,$B18)+COUNTIFS('Bug Data'!$D:$D,"Canceled",'Bug Data'!$N:$N,$B18) | H18: =COUNTIFS('Bug Data'!$D:$D,"Done",'Bug Data'!$N:$N,$B18)+COUNTIFS('Bug Data'!$D:$D,"Closed",'Bug Data'!$N:$N,$B18)+COUNTIFS('Bug Data'!$D:$D,"Resolved",'Bug Data'!$N:$N,$B18) | I18: =SUM(C18:H18)
B19: App | C19: =COUNTIFS('Bug Data'!$D:$D,"To Do",'Bug Data'!$N:$N,$B19)+COUNTIFS('Bug Data'!$D:$D,"Todo",'Bug Data'!$N:$N,$B19) | D19: =COUNTIFS('Bug Data'!$D:$D,"In Progress",'Bug Data'!$N:$N,$B19) | E19: =COUNTIFS('Bug Data'!$D:$D,"In Review",'Bug Data'!$N:$N,$B19) | F19: =COUNTIFS('Bug Data'!$D:$D,"Pending",'Bug Data'!$N:$N,$B19) | G19: =COUNTIFS('Bug Data'!$D:$D,"Cancel",'Bug Data'!$N:$N,$B19)+COUNTIFS('Bug Data'!$D:$D,"Cancelled",'Bug Data'!$N:$N,$B19)+COUNTIFS('Bug Data'!$D:$D,"Canceled",'Bug Data'!$N:$N,$B19) | H19: =COUNTIFS('Bug Data'!$D:$D,"Done",'Bug Data'!$N:$N,$B19)+COUNTIFS('Bug Data'!$D:$D,"Closed",'Bug Data'!$N:$N,$B19)+COUNTIFS('Bug Data'!$D:$D,"Resolved",'Bug Data'!$N:$N,$B19) | I19: =SUM(C19:H19)
B20: Web, App | C20: =COUNTIFS('Bug Data'!$D:$D,"To Do",'Bug Data'!$N:$N,$B20)+COUNTIFS('Bug Data'!$D:$D,"Todo",'Bug Data'!$N:$N,$B20) | D20: =COUNTIFS('Bug Data'!$D:$D,"In Progress",'Bug Data'!$N:$N,$B20) | E20: =COUNTIFS('Bug Data'!$D:$D,"In Review",'Bug Data'!$N:$N,$B20) | F20: =COUNTIFS('Bug Data'!$D:$D,"Pending",'Bug Data'!$N:$N,$B20) | G20: =COUNTIFS('Bug Data'!$D:$D,"Cancel",'Bug Data'!$N:$N,$B20)+COUNTIFS('Bug Data'!$D:$D,"Cancelled",'Bug Data'!$N:$N,$B20)+COUNTIFS('Bug Data'!$D:$D,"Canceled",'Bug Data'!$N:$N,$B20) | H20: =COUNTIFS('Bug Data'!$D:$D,"Done",'Bug Data'!$N:$N,$B20)+COUNTIFS('Bug Data'!$D:$D,"Closed",'Bug Data'!$N:$N,$B20)+COUNTIFS('Bug Data'!$D:$D,"Resolved",'Bug Data'!$N:$N,$B20) | I20: =SUM(C20:H20)
B21: Total | C21: =SUM(C18:C20) | D21: =SUM(D18:D20) | E21: =SUM(E18:E20) | F21: =SUM(F18:F20) | G21: =SUM(G18:G20) | H21: =SUM(H18:H20) | I21: =SUM(I18:I20)
B22: Mỗi cột = 1 trạng thái Jira của bug (sheet Bug Data, cột Bug Status); Total = tổng 6 cột. Bug chưa đóng (Open) = To Do + In Progress + In Review. Bug ở trạng thái riêng của board (Reopened, QA Verify…) KHÔNG lên bảng này — script export cảnh báo khi gặp.
B40: 1b. Tỷ lệ Bug theo chức năng (Function)
B41: Bug theo chức năng
B42: ID | C42: Chức năng | D42: To Do | E42: In Progress | F42: In Review | G42: Pending | H42: Cancel | I42: Done | J42: Total | K42: Tỷ lệ
B43: TC_01 | C43: Hoạt động (Đơn của tôi) | D43: =COUNTIFS('Bug Data'!$D:$D,"To Do",'Bug Data'!$M:$M,$C43)+COUNTIFS('Bug Data'!$D:$D,"Todo",'Bug Data'!$M:$M,$C43) | E43: =COUNTIFS('Bug Data'!$D:$D,"In Progress",'Bug Data'!$M:$M,$C43) | F43: =COUNTIFS('Bug Data'!$D:$D,"In Review",'Bug Data'!$M:$M,$C43) | G43: =COUNTIFS('Bug Data'!$D:$D,"Pending",'Bug Data'!$M:$M,$C43) | H43: =COUNTIFS('Bug Data'!$D:$D,"Cancel",'Bug Data'!$M:$M,$C43)+COUNTIFS('Bug Data'!$D:$D,"Cancelled",'Bug Data'!$M:$M,$C43)+COUNTIFS('Bug Data'!$D:$D,"Canceled",'Bug Data'!$M:$M,$C43) | I43: =COUNTIFS('Bug Data'!$D:$D,"Done",'Bug Data'!$M:$M,$C43)+COUNTIFS('Bug Data'!$D:$D,"Closed",'Bug Data'!$M:$M,$C43)+COUNTIFS('Bug Data'!$D:$D,"Resolved",'Bug Data'!$M:$M,$C43) | J43: =SUM(D43:I43) | K43: =IFERROR(J43/$J$53,0)
B44: TC_02 | C44: Ghép nối | D44: =COUNTIFS('Bug Data'!$D:$D,"To Do",'Bug Data'!$M:$M,$C44)+COUNTIFS('Bug Data'!$D:$D,"Todo",'Bug Data'!$M:$M,$C44) | E44: =COUNTIFS('Bug Data'!$D:$D,"In Progress",'Bug Data'!$M:$M,$C44) | F44: =COUNTIFS('Bug Data'!$D:$D,"In Review",'Bug Data'!$M:$M,$C44) | G44: =COUNTIFS('Bug Data'!$D:$D,"Pending",'Bug Data'!$M:$M,$C44) | H44: =COUNTIFS('Bug Data'!$D:$D,"Cancel",'Bug Data'!$M:$M,$C44)+COUNTIFS('Bug Data'!$D:$D,"Cancelled",'Bug Data'!$M:$M,$C44)+COUNTIFS('Bug Data'!$D:$D,"Canceled",'Bug Data'!$M:$M,$C44) | I44: =COUNTIFS('Bug Data'!$D:$D,"Done",'Bug Data'!$M:$M,$C44)+COUNTIFS('Bug Data'!$D:$D,"Closed",'Bug Data'!$M:$M,$C44)+COUNTIFS('Bug Data'!$D:$D,"Resolved",'Bug Data'!$M:$M,$C44) | J44: =SUM(D44:I44) | K44: =IFERROR(J44/$J$53,0)
B45: TC_03 | C45: Huỷ đơn - Huỷ nhận đơn | D45: =COUNTIFS('Bug Data'!$D:$D,"To Do",'Bug Data'!$M:$M,$C45)+COUNTIFS('Bug Data'!$D:$D,"Todo",'Bug Data'!$M:$M,$C45) | E45: =COUNTIFS('Bug Data'!$D:$D,"In Progress",'Bug Data'!$M:$M,$C45) | F45: =COUNTIFS('Bug Data'!$D:$D,"In Review",'Bug Data'!$M:$M,$C45) | G45: =COUNTIFS('Bug Data'!$D:$D,"Pending",'Bug Data'!$M:$M,$C45) | H45: =COUNTIFS('Bug Data'!$D:$D,"Cancel",'Bug Data'!$M:$M,$C45)+COUNTIFS('Bug Data'!$D:$D,"Cancelled",'Bug Data'!$M:$M,$C45)+COUNTIFS('Bug Data'!$D:$D,"Canceled",'Bug Data'!$M:$M,$C45) | I45: =COUNTIFS('Bug Data'!$D:$D,"Done",'Bug Data'!$M:$M,$C45)+COUNTIFS('Bug Data'!$D:$D,"Closed",'Bug Data'!$M:$M,$C45)+COUNTIFS('Bug Data'!$D:$D,"Resolved",'Bug Data'!$M:$M,$C45) | J45: =SUM(D45:I45) | K45: =IFERROR(J45/$J$53,0)
B46: TC_04 | C46: Giao nhận & Theo dõi đơn | D46: =COUNTIFS('Bug Data'!$D:$D,"To Do",'Bug Data'!$M:$M,$C46)+COUNTIFS('Bug Data'!$D:$D,"Todo",'Bug Data'!$M:$M,$C46) | E46: =COUNTIFS('Bug Data'!$D:$D,"In Progress",'Bug Data'!$M:$M,$C46) | F46: =COUNTIFS('Bug Data'!$D:$D,"In Review",'Bug Data'!$M:$M,$C46) | G46: =COUNTIFS('Bug Data'!$D:$D,"Pending",'Bug Data'!$M:$M,$C46) | H46: =COUNTIFS('Bug Data'!$D:$D,"Cancel",'Bug Data'!$M:$M,$C46)+COUNTIFS('Bug Data'!$D:$D,"Cancelled",'Bug Data'!$M:$M,$C46)+COUNTIFS('Bug Data'!$D:$D,"Canceled",'Bug Data'!$M:$M,$C46) | I46: =COUNTIFS('Bug Data'!$D:$D,"Done",'Bug Data'!$M:$M,$C46)+COUNTIFS('Bug Data'!$D:$D,"Closed",'Bug Data'!$M:$M,$C46)+COUNTIFS('Bug Data'!$D:$D,"Resolved",'Bug Data'!$M:$M,$C46) | J46: =SUM(D46:I46) | K46: =IFERROR(J46/$J$53,0)
B47: TC_05 | C47: Bảng tin & Chi tiết tin | D47: =COUNTIFS('Bug Data'!$D:$D,"To Do",'Bug Data'!$M:$M,$C47)+COUNTIFS('Bug Data'!$D:$D,"Todo",'Bug Data'!$M:$M,$C47) | E47: =COUNTIFS('Bug Data'!$D:$D,"In Progress",'Bug Data'!$M:$M,$C47) | F47: =COUNTIFS('Bug Data'!$D:$D,"In Review",'Bug Data'!$M:$M,$C47) | G47: =COUNTIFS('Bug Data'!$D:$D,"Pending",'Bug Data'!$M:$M,$C47) | H47: =COUNTIFS('Bug Data'!$D:$D,"Cancel",'Bug Data'!$M:$M,$C47)+COUNTIFS('Bug Data'!$D:$D,"Cancelled",'Bug Data'!$M:$M,$C47)+COUNTIFS('Bug Data'!$D:$D,"Canceled",'Bug Data'!$M:$M,$C47) | I47: =COUNTIFS('Bug Data'!$D:$D,"Done",'Bug Data'!$M:$M,$C47)+COUNTIFS('Bug Data'!$D:$D,"Closed",'Bug Data'!$M:$M,$C47)+COUNTIFS('Bug Data'!$D:$D,"Resolved",'Bug Data'!$M:$M,$C47) | J47: =SUM(D47:I47) | K47: =IFERROR(J47/$J$53,0)
B48: TC_06 | C48: Quà cảm ơn | D48: =COUNTIFS('Bug Data'!$D:$D,"To Do",'Bug Data'!$M:$M,$C48)+COUNTIFS('Bug Data'!$D:$D,"Todo",'Bug Data'!$M:$M,$C48) | E48: =COUNTIFS('Bug Data'!$D:$D,"In Progress",'Bug Data'!$M:$M,$C48) | F48: =COUNTIFS('Bug Data'!$D:$D,"In Review",'Bug Data'!$M:$M,$C48) | G48: =COUNTIFS('Bug Data'!$D:$D,"Pending",'Bug Data'!$M:$M,$C48) | H48: =COUNTIFS('Bug Data'!$D:$D,"Cancel",'Bug Data'!$M:$M,$C48)+COUNTIFS('Bug Data'!$D:$D,"Cancelled",'Bug Data'!$M:$M,$C48)+COUNTIFS('Bug Data'!$D:$D,"Canceled",'Bug Data'!$M:$M,$C48) | I48: =COUNTIFS('Bug Data'!$D:$D,"Done",'Bug Data'!$M:$M,$C48)+COUNTIFS('Bug Data'!$D:$D,"Closed",'Bug Data'!$M:$M,$C48)+COUNTIFS('Bug Data'!$D:$D,"Resolved",'Bug Data'!$M:$M,$C48) | J48: =SUM(D48:I48) | K48: =IFERROR(J48/$J$53,0)
B49: TC_07 | C49: Trang chủ | D49: =COUNTIFS('Bug Data'!$D:$D,"To Do",'Bug Data'!$M:$M,$C49)+COUNTIFS('Bug Data'!$D:$D,"Todo",'Bug Data'!$M:$M,$C49) | E49: =COUNTIFS('Bug Data'!$D:$D,"In Progress",'Bug Data'!$M:$M,$C49) | F49: =COUNTIFS('Bug Data'!$D:$D,"In Review",'Bug Data'!$M:$M,$C49) | G49: =COUNTIFS('Bug Data'!$D:$D,"Pending",'Bug Data'!$M:$M,$C49) | H49: =COUNTIFS('Bug Data'!$D:$D,"Cancel",'Bug Data'!$M:$M,$C49)+COUNTIFS('Bug Data'!$D:$D,"Cancelled",'Bug Data'!$M:$M,$C49)+COUNTIFS('Bug Data'!$D:$D,"Canceled",'Bug Data'!$M:$M,$C49) | I49: =COUNTIFS('Bug Data'!$D:$D,"Done",'Bug Data'!$M:$M,$C49)+COUNTIFS('Bug Data'!$D:$D,"Closed",'Bug Data'!$M:$M,$C49)+COUNTIFS('Bug Data'!$D:$D,"Resolved",'Bug Data'!$M:$M,$C49) | J49: =SUM(D49:I49) | K49: =IFERROR(J49/$J$53,0)
B50: TC_08 | C50: Thông báo | D50: =COUNTIFS('Bug Data'!$D:$D,"To Do",'Bug Data'!$M:$M,$C50)+COUNTIFS('Bug Data'!$D:$D,"Todo",'Bug Data'!$M:$M,$C50) | E50: =COUNTIFS('Bug Data'!$D:$D,"In Progress",'Bug Data'!$M:$M,$C50) | F50: =COUNTIFS('Bug Data'!$D:$D,"In Review",'Bug Data'!$M:$M,$C50) | G50: =COUNTIFS('Bug Data'!$D:$D,"Pending",'Bug Data'!$M:$M,$C50) | H50: =COUNTIFS('Bug Data'!$D:$D,"Cancel",'Bug Data'!$M:$M,$C50)+COUNTIFS('Bug Data'!$D:$D,"Cancelled",'Bug Data'!$M:$M,$C50)+COUNTIFS('Bug Data'!$D:$D,"Canceled",'Bug Data'!$M:$M,$C50) | I50: =COUNTIFS('Bug Data'!$D:$D,"Done",'Bug Data'!$M:$M,$C50)+COUNTIFS('Bug Data'!$D:$D,"Closed",'Bug Data'!$M:$M,$C50)+COUNTIFS('Bug Data'!$D:$D,"Resolved",'Bug Data'!$M:$M,$C50) | J50: =SUM(D50:I50) | K50: =IFERROR(J50/$J$53,0)
B51: TC_09 | C51: Đăng tin & Quản lý tin | D51: =COUNTIFS('Bug Data'!$D:$D,"To Do",'Bug Data'!$M:$M,$C51)+COUNTIFS('Bug Data'!$D:$D,"Todo",'Bug Data'!$M:$M,$C51) | E51: =COUNTIFS('Bug Data'!$D:$D,"In Progress",'Bug Data'!$M:$M,$C51) | F51: =COUNTIFS('Bug Data'!$D:$D,"In Review",'Bug Data'!$M:$M,$C51) | G51: =COUNTIFS('Bug Data'!$D:$D,"Pending",'Bug Data'!$M:$M,$C51) | H51: =COUNTIFS('Bug Data'!$D:$D,"Cancel",'Bug Data'!$M:$M,$C51)+COUNTIFS('Bug Data'!$D:$D,"Cancelled",'Bug Data'!$M:$M,$C51)+COUNTIFS('Bug Data'!$D:$D,"Canceled",'Bug Data'!$M:$M,$C51) | I51: =COUNTIFS('Bug Data'!$D:$D,"Done",'Bug Data'!$M:$M,$C51)+COUNTIFS('Bug Data'!$D:$D,"Closed",'Bug Data'!$M:$M,$C51)+COUNTIFS('Bug Data'!$D:$D,"Resolved",'Bug Data'!$M:$M,$C51) | J51: =SUM(D51:I51) | K51: =IFERROR(J51/$J$53,0)
B52: — | C52: Khác / chưa gán chức năng | D52: =COUNTIFS('Bug Data'!$D:$D,"To Do")+COUNTIFS('Bug Data'!$D:$D,"Todo")-SUM(D43:D51) | E52: =COUNTIFS('Bug Data'!$D:$D,"In Progress")-SUM(E43:E51) | F52: =COUNTIFS('Bug Data'!$D:$D,"In Review")-SUM(F43:F51) | G52: =COUNTIFS('Bug Data'!$D:$D,"Pending")-SUM(G43:G51) | H52: =COUNTIFS('Bug Data'!$D:$D,"Cancel")+COUNTIFS('Bug Data'!$D:$D,"Cancelled")+COUNTIFS('Bug Data'!$D:$D,"Canceled")-SUM(H43:H51) | I52: =COUNTIFS('Bug Data'!$D:$D,"Done")+COUNTIFS('Bug Data'!$D:$D,"Closed")+COUNTIFS('Bug Data'!$D:$D,"Resolved")-SUM(I43:I51) | J52: =SUM(D52:I52) | K52: =IFERROR(J52/$J$53,0)
B53: Total | D53: =SUM(D43:D52) | E53: =SUM(E43:E52) | F53: =SUM(F43:F52) | G53: =SUM(G43:G52) | H53: =SUM(H43:H52) | I53: =SUM(I43:I52) | J53: =SUM(J43:J52) | K53: =IFERROR(J53/J53,0)
B55: Chức năng khớp theo cột "Function" ở sheet Bug Data — script tự chuẩn hoá về tên module TC-MASTER (bỏ qua khác biệt hoa/thường, dấu, gạch dưới). Chức năng không map được vẫn được liệt kê với ID "—"; dòng "Khác / chưa gán chức năng" gom phần còn lại nên Total của bảng này luôn khớp Total ở mục 1a. ID = mã module của sheet Dashboard.
B57: 2. Coverage (Độ phủ Test Case)
B58: Coverage theo chức năng
B59: ID | C59: Chức năng | D59: Total TC | E59: Executed TC | F59: Coverage | G59: Note
B60: =IF(Dashboard!$D4="","",Dashboard!$C4) | C60: =IF(Dashboard!$D4="","",Dashboard!$E4) | D60: =IF(Dashboard!$D4="","",Dashboard!$F4) | E60: =IF(Dashboard!$D4="","",Dashboard!$L4) | F60: =IFERROR(E60/D60,0)
B61: =IF(Dashboard!$D5="","",Dashboard!$C5) | C61: =IF(Dashboard!$D5="","",Dashboard!$E5) | D61: =IF(Dashboard!$D5="","",Dashboard!$F5) | E61: =IF(Dashboard!$D5="","",Dashboard!$L5) | F61: =IFERROR(E61/D61,0)
B62: =IF(Dashboard!$D6="","",Dashboard!$C6) | C62: =IF(Dashboard!$D6="","",Dashboard!$E6) | D62: =IF(Dashboard!$D6="","",Dashboard!$F6) | E62: =IF(Dashboard!$D6="","",Dashboard!$L6) | F62: =IFERROR(E62/D62,0)
B63: =IF(Dashboard!$D7="","",Dashboard!$C7) | C63: =IF(Dashboard!$D7="","",Dashboard!$E7) | D63: =IF(Dashboard!$D7="","",Dashboard!$F7) | E63: =IF(Dashboard!$D7="","",Dashboard!$L7) | F63: =IFERROR(E63/D63,0)
B64: =IF(Dashboard!$D8="","",Dashboard!$C8) | C64: =IF(Dashboard!$D8="","",Dashboard!$E8) | D64: =IF(Dashboard!$D8="","",Dashboard!$F8) | E64: =IF(Dashboard!$D8="","",Dashboard!$L8) | F64: =IFERROR(E64/D64,0)
B65: =IF(Dashboard!$D9="","",Dashboard!$C9) | C65: =IF(Dashboard!$D9="","",Dashboard!$E9) | D65: =IF(Dashboard!$D9="","",Dashboard!$F9) | E65: =IF(Dashboard!$D9="","",Dashboard!$L9) | F65: =IFERROR(E65/D65,0)
B66: =IF(Dashboard!$D10="","",Dashboard!$C10) | C66: =IF(Dashboard!$D10="","",Dashboard!$E10) | D66: =IF(Dashboard!$D10="","",Dashboard!$F10) | E66: =IF(Dashboard!$D10="","",Dashboard!$L10) | F66: =IFERROR(E66/D66,0)
B67: =IF(Dashboard!$D11="","",Dashboard!$C11) | C67: =IF(Dashboard!$D11="","",Dashboard!$E11) | D67: =IF(Dashboard!$D11="","",Dashboard!$F11) | E67: =IF(Dashboard!$D11="","",Dashboard!$L11) | F67: =IFERROR(E67/D67,0)
B68: =IF(Dashboard!$D12="","",Dashboard!$C12) | C68: =IF(Dashboard!$D12="","",Dashboard!$E12) | D68: =IF(Dashboard!$D12="","",Dashboard!$F12) | E68: =IF(Dashboard!$D12="","",Dashboard!$L12) | F68: =IFERROR(E68/D68,0)
B69: =IF(Dashboard!$D13="","",Dashboard!$C13) | C69: =IF(Dashboard!$D13="","",Dashboard!$E13) | D69: =IF(Dashboard!$D13="","",Dashboard!$F13) | E69: =IF(Dashboard!$D13="","",Dashboard!$L13) | F69: =IFERROR(E69/D69,0)
B70: =IF(Dashboard!$D14="","",Dashboard!$C14) | C70: =IF(Dashboard!$D14="","",Dashboard!$E14) | D70: =IF(Dashboard!$D14="","",Dashboard!$F14) | E70: =IF(Dashboard!$D14="","",Dashboard!$L14) | F70: =IFERROR(E70/D70,0)
B71: Total | D71: =Dashboard!$F$34 | E71: =Dashboard!$L$34 | F71: =IFERROR(E71/D71,0)
B72: Tổng (dòng Total) = gộp TẤT CẢ sheet Test Case. Các dòng ở trên là từng module (tối đa 18) — ID/tên chức năng lấy trực tiếp từ sheet "Dashboard" nên luôn khớp.
B82: 2b. Kết quả thực thi Test Case
B83: Kết quả TC theo Status (từ sheet Test Cases)
B84: Trạng thái | C84: Số lượng | D84: Tỷ lệ
B85: Pass | C85: =Dashboard!$G$34 | D85: =IFERROR(C85/$C$90,0)
B86: Fail | C86: =Dashboard!$H$34 | D86: =IFERROR(C86/$C$90,0)
B87: Block | C87: =Dashboard!$I$34 | D87: =IFERROR(C87/$C$90,0)
B88: N/A | C88: =Dashboard!$J$34 | D88: =IFERROR(C88/$C$90,0)
B89: Chưa thực hiện | C89: =Dashboard!$K$34 | D89: =IFERROR(C89/$C$90,0)
B90: Total | C90: =SUM(C85:C89) | D90: =IFERROR(SUM(D85:D89),0)
B99: 3. Bug Severity
B100: Bug Severity
B101: Mức độ | C101: Số lượng | D101: Thang điểm | E101: Tỷ lệ
B102: Critical Bug | C102: =COUNTIF('Bug Data'!$L:$L,20) | D102: 20 | E102: =IFERROR(C102/$C$107,0)
B103: Major Bug | C103: =COUNTIF('Bug Data'!$L:$L,10) | D103: 10 | E103: =IFERROR(C103/$C$107,0)
B104: Medium Bug | C104: =COUNTIF('Bug Data'!$L:$L,5) | D104: 5 | E104: =IFERROR(C104/$C$107,0)
B105: Low Bug | C105: =COUNTIF('Bug Data'!$L:$L,2) | D105: 2 | E105: =IFERROR(C105/$C$107,0)
B106: Suggest Bug | C106: =COUNTIF('Bug Data'!$L:$L,0) | D106: 0 | E106: =IFERROR(C106/$C$107,0)
B107: Total | C107: =SUM(C102:C106) | E107: =IFERROR(SUM(E102:E106),0)
B108: Thang điểm: Critical=20, Major=10, Medium=5, Low=2.
B116: PHẦN B — CHI TIẾT QC
B118: 4. Bug Resolution
B119: Bug Resolution
B120: Resolution | C120: Số lượng | D120: Tỷ lệ
B121: Fixed | C121: =COUNTIF('Bug Data'!$O:$O,$B121) | D121: =IFERROR(C121/$C$124,0)
B122: Won't fix | C122: =COUNTIF('Bug Data'!$O:$O,$B122) | D122: =IFERROR(C122/$C$124,0)
B123: Chưa xác định | C123: =COUNTIFS('Bug Data'!$A:$A, "<>", 'Bug Data'!$O:$O, "") | D123: =IFERROR(C123/$C$124,0)
B124: Total | C124: =SUM(C121:C123) | D124: =IFERROR(SUM(D121:D123),0)
B135: 5. Bug Won't fix By Reason
B136: Bug Won't fix By Reason
B137: Mã | C137: Lý do | E137: Số lượng
B138: 1.1 | C138: QC miss thông tin/ nghiệp vụ | E138: =COUNTIF('Bug Data'!$P:$P,$B138&" "&$C138)
B139: 1.2 | C139: QC post trùng bug | E139: =COUNTIF('Bug Data'!$P:$P,$B139&" "&$C139)
B140: 1.3 | C140: QC không tái hiện được Bug | E140: =COUNTIF('Bug Data'!$P:$P,$B140&" "&$C140)
B141: 2.1 | C141: BA miss luồng | E141: =COUNTIF('Bug Data'!$P:$P,$B141&" "&$C141)
B142: 2.2 | C142: BA thiếu/ sai nghiệp vụ | E142: =COUNTIF('Bug Data'!$P:$P,$B142&" "&$C142)
B143: 3.1 | C143: Dev không sửa do Ngoài scope dự án | E143: =COUNTIF('Bug Data'!$P:$P,$B143&" "&$C143)
B144: 3.2 | C144: Dev không fix do Phụ thuộc thông tin các bên liên quan ngoài ISC | E144: =COUNTIF('Bug Data'!$P:$P,$B144&" "&$C144)
B145: 3.3 | C145: Dev không fix do Điều kiện test không đáp ứng (Môi trường, cấu hình, dữ liệu, thiết bị,...) | E145: =COUNTIF('Bug Data'!$P:$P,$B145&" "&$C145)
B146: 3.4 | C146: Dev miss thông tin | E146: =COUNTIF('Bug Data'!$P:$P,$B146&" "&$C146)
B147: 4.1 | C147: PM/PMO CR, QC không nhận thông tin | E147: =COUNTIF('Bug Data'!$P:$P,$B147&" "&$C147)
B148: Total | E148: =SUM(E138:E147)
B151: 6. Defect Type
B152: Defect Type
B153: Loại | C153: SL
B154: Data | C154: =COUNTIF('Bug Data'!$Q:$Q,$B154)
B155: Interface | C155: =COUNTIF('Bug Data'!$Q:$Q,$B155)
B156: Logic | C156: =COUNTIF('Bug Data'!$Q:$Q,$B156)
B157: Requirement | C157: =COUNTIF('Bug Data'!$Q:$Q,$B157)
B158: Server | C158: =COUNTIF('Bug Data'!$Q:$Q,$B158)
B159: Other | C159: =COUNTIF('Bug Data'!$Q:$Q,$B159)
...

Sheet Bug Data
A1: Key | B1: Type | C1: Summary | D1: Bug Status | E1: Priority (Jira) | F1: Assignee | G1: Reporter | H1: Created | I1: Resolved | J1: Fix Version | K1: Sprint | L1: Severity | M1: Function | N1: Platform | O1: Resolution | P1: Won't Fix Reason | Q1: Defect | R1: Effect | S1: Rework number | T1: Round | U1: Round closed bug | Y1: Danh mục Won't Fix Reason (nguồn dropdown cột P) | AA1: HƯỚNG DẪN IMPORT TỪ JIRA
A2: FE-290 | B2: Bug | C2: [TC_11 - Tài khoản & Hồ sơ]: Chặn lưu SĐT im lặng, không báo lỗi | D2: To Do | E2: Medium | F2: Tuanvm37 | G2: GiangDC2 | H2: 2026-09-18 | J2: v1.1 | K2: R1 | L2: 2 | M2: Tài khoản & Hồ sơ | N2: App | Q2: Logic | R2: Functionality | T2: 1 | Y2: 1.1 QC miss thông tin/ nghiệp vụ | AA2: ① KHỐI JIRA (cột A–K, nền vàng): export/CSV từ Jira rồi dán trực tiếp bắt đầu ô A2.
A3: FE-291 | B3: Bug | C3: [TC_11 - Tài khoản & Hồ sơ] - Chuỗi thông báo lỗi SĐT lệch chuỗi BA đã chốt | D3: To Do | E3: Medium | F3: Tuanvm37 | G3: GiangDC2 | H3: 2026-09-18 | J3: v1.1 | K3: R1 | L3: 2 | M3: Tài khoản & Hồ sơ | N3: App | Q3: Interface | R3: Usability | T3: 1 | Y3: 1.2 QC post trùng bug | AA3: • Board dự án: foxproject.atlassian.net (project key IP). Mỗi round = 1 Sprint.
A4: FE-292 | B4: Bug | C4: [TC_11 - Tài khoản & Hồ sơ] - Địa chỉ gõ tay không bị xoá rỗng khi rời field, bị lưu làm mặc định | D4: To Do | E4: Medium | F4: Tuanvm37 | G4: GiangDC2 | H4: 2026-09-18 | J4: v1.1 | K4: R1 | L4: 2 | M4: Tài khoản & Hồ sơ | N4: App | Q4: Logic | R4: Functionality | T4: 1 | Y4: 1.3 QC không tái hiện được Bug | AA4: • A Key, B Type, C Summary, D Bug Status, E Priority, F Assignee, G Reporter,
A5: FE-293 | B5: Bug | C5: [TC_11 - Tài khoản & Hồ sơ] - Avatar chữ viết tắt sai quy tắc dẫn xuất | D5: To Do | E5: Low | F5: Tuanvm37 | G5: GiangDC2 | H5: 2026-09-18 | J5: v1.1 | K5: R1 | L5: 2 | M5: Tài khoản & Hồ sơ | N5: App | Q5: Logic | R5: Usability | T5: 1 | Y5: 2.1 BA miss luồng | AA5: H Created, I Resolved, J Fix Version, K Sprint — khớp cột export mặc định của Jira.
A6: FE-294 | B6: Bug | C6: [TC_11 - Tài khoản & Hồ sơ] - Nhãn mục menu thứ 3 lệch tài liệu, không nhất quán tiêu đề màn đích | D6: To Do | E6: Low | F6: Tuanvm37 | G6: GiangDC2 | H6: 2026-09-18 | J6: v1.1 | K6: R1 | L6: 2 | M6: Tài khoản & Hồ sơ | N6: App | Q6: Requirement | R6: Usability | T6: 1 | Y6: 2.2 BA thiếu/ sai nghiệp vụ | AA6: ② KHỐI QC PHÂN TÍCH (cột L–U, nền cam): QC tự điền, là nguồn cho biểu đồ sheet Report Test.
A7: FE-295 | B7: Bug | C7: [TC_11 - Tài khoản & Hồ sơ] - Thiếu icon khiên cạnh field Email công ty | D7: To Do | E7: Lowest | F7: Tuanvm37 | G7: GiangDC2 | H7: 2026-09-18 | J7: v1.1 | K7: R1 | L7: 0 | M7: Tài khoản & Hồ sơ | N7: App | Q7: Interface | R7: Usability | T7: 1 | Y7: 3.1 Dev không sửa do Ngoài scope dự án | AA7: • L Severity (20=Critical,10=Major,5=Medium,2=Low) — map từ Priority/field Severity của Jira.
A8: FE-297 | B8: Bug | C8: [TC_11 - Tài khoản & Hồ sơ] - Mã nhân viên bị cắt, hiển thị không đầy đủ | D8: To Do | E8: Low | F8: Tuanvm37 | G8: GiangDC2 | H8: 2026-09-18 | J8: v1.1 | K8: R1 | L8: 0 | M8: Tài khoản & Hồ sơ | N8: App | Q8: Interface | R8: Usability | T8: 1 | Y8: 3.2 Dev không fix do Phụ thuộc thông tin các bên liên quan ngoài ISC | AA8: • D Bug Status: GIỮ NGUYÊN status của board Jira (không gom nhóm, không có cột status thứ 2). Report Test §1a/§1b đếm theo từng trạng thái này.
A9: FE-298 | B9: Bug | C9: [TC_11 - Tài khoản & Hồ sơ]: Gợi ý địa chỉ tìm địa chỉ không đúng | D9: To Do | E9: Medium | F9: Tuanvm37 | G9: GiangDC2 | H9: 2026-09-18 | J9: v1.1 | K9: R1 | L9: 5 | M9: Tài khoản & Hồ sơ | N9: App | Q9: Data | R9: Functionality | T9: 1 | Y9: 3.3 Dev không fix do Điều kiện test không đáp ứng (Môi trường, cấu hình, dữ liệu, thiết bị,...) | AA9: • T Round: round PHÁT HIỆN bug (1..5) — map từ Sprint (K). Là nguồn cột 'Phát hiện' của biểu đồ Xu hướng Bug theo Round (Report Test §IV).
A10: FE-300 | B10: Bug | C10: [TC_11 - Tài khoản & Hồ sơ] - Không load SĐT và địa chỉ mặc định từ HRIS | D10: To Do | E10: Medium | F10: Tuanvm37 | G10: GiangDC2 | H10: 2026-09-21 | J10: v1.1 | K10: R1 | L10: 2 | M10: Tài khoản & Hồ sơ | N10: App | Q10: Data | R10: Functionality | T10: 1 | Y10: 3.4 Dev miss thông tin | AA10: • U Round closed bug: round ĐÓNG bug (1..5) — điền khi bug đã đóng, để trống nếu chưa. Là nguồn cột 'Đã đóng' của biểu đồ đó: bug tìm ở R1 mà fix xong ở R3 thì T=1, U=3 (KHÔNG phải U=1).
A11: FE-301 | B11: Bug | C11: [TC_04 - Đăng tin - Tôi cần gửi hàng] Chặn sang bước sau nhưng không hiện lỗi ở trường thiếu | D11: To Do | E11: Medium | F11: Tuanvm37 | G11: GiangDC2 | H11: 2026-09-21 | J11: v1.1 | K11: R1 | L11: 5 | M11: Đăng tin & Quản lý tin | N11: App | Q11: Interface | R11: Usability | T11: 1 | Y11: 4.1 PM/PMO CR, QC không nhận thông tin | AA11: • P Won't Fix Reason: chọn theo danh mục (mã + lý do) ở cột Y.
A12: FE-302 | B12: Bug | C12: [TC_04 - Đăng tin - Tôi cần gửi hàng] Thoát wizard không hiện popup xác nhận, mất dữ liệu đã nhập | D12: To Do | E12: Medium | F12: Tuanvm37 | G12: GiangDC2 | H12: 2026-09-21 | J12: v1.1 | K12: R1 | L12: 2 | M12: Đăng tin & Quản lý tin | N12: App | Q12: Logic | R12: Functionality | T12: 1 | AA12: ③ 13 dòng mẫu nền vàng/cam: xoá khi dùng dữ liệu thật. Chỉ dán vào khối Jira, khối QC điền tay.
A13: FE-303 | B13: Bug | C13: [TC_04 - Đăng tin - Tôi cần gửi hàng] Vẫn chọn được buổi đã trôi qua trong ngày hôm nay | D13: To Do | E13: Medium | F13: Tuanvm37 | G13: GiangDC2 | H13: 2026-09-21 | J13: v1.1 | K13: R1 | L13: 2 | M13: Đăng tin & Quản lý tin | N13: App | Q13: Logic | R13: Functionality | T13: 1 | AA13: Ghi chú: mapping theo cấu trúc export chuẩn của Jira; nếu dự án dùng custom field (Severity, Sprint) có thể chỉnh cột tương ứng.
A14: FE-304 | B14: Bug | C14: [TC_04 - Đăng tin - Tôi cần gửi hàng] Buổi mong muốn không có giá trị mặc định Sau giờ làm | D14: To Do | E14: Medium | F14: Tuanvm37 | G14: GiangDC2 | H14: 2026-09-21 | J14: v1.1 | K14: R1 | L14: 2 | M14: Đăng tin & Quản lý tin | N14: App | Q14: Logic | R14: Functionality | T14: 1
A15: FE-305 | B15: Bug | C15: [TC_04 - Đăng tin - Tôi cần gửi hàng] Địa chỉ người gửi và người nhận không được tự điền | D15: To Do | E15: Low | F15: Tuanvm37 | G15: GiangDC2 | H15: 2026-09-21 | J15: v1.1 | K15: R1 | L15: 2 | M15: Đăng tin & Quản lý tin | N15: App | Q15: Data | R15: Functionality | T15: 1
A16: FE-307 | B16: Bug | C16: [TC_04 - Đăng tin][Suggest] Đề xuất thống nhất cơ chế validate giữa 2 luồng đăng tin | D16: To Do | E16: Low | F16: Tuanvm37 | G16: GiangDC2 | H16: 2026-09-21 | J16: v1.1 | K16: R1 | L16: 0 | M16: Đăng tin & Quản lý tin | N16: App | Q16: Requirement | R16: Usability | T16: 1
A17: FE-308 | B17: Bug | C17: [TC_08 - Quà cảm ơn - Tặng quà] Popup sau khi tặng quà hiện chuỗi cũ, sai chuỗi chính thức BR14-02 | D17: To Do | E17: Medium | F17: Tuanvm37 | G17: GiangDC2 | H17: 2026-09-21 | J17: v1.1 | K17: R1 | L17: 2 | M17: Quà cảm ơn | N17: App | Q17: Interface | R17: Usability | T17: 1
A18: FE-309 | B18: Bug | C18: [TC_07 - Trang chủ - Tin mới] Nút Xem thêm trên Bảng tin hiện khi đúng 5 tin | D18: To Do | E18: Medium | F18: Tuanvm37 | G18: GiangDC2 | H18: 2026-09-21 | J18: v1.1 | K18: R1 | L18: 2 | M18: Trang chủ | N18: App | Q18: Interface | R18: Usability | T18: 1
A19: FE-310 | B19: Bug | C19: [TC_07 - Trang chủ - Đơn của tôi] Empty state Đơn của tôi sai chuỗi, thiếu CTA và icon | D19: To Do | E19: Medium | F19: Tuanvm37 | G19: GiangDC2 | H19: 2026-09-21 | J19: v1.1 | K19: R1 | L19: 2 | M19: Trang chủ | N19: App | Q19: Interface | R19: Usability | T19: 1
A20: FE-311 | B20: Bug | C20: [TC_02 - Ghép nối] - Ghép chuyến bị chặn đòi chấp nhận điều khoản nhưng PRD không quy định | D20: To Do | E20: High | F20: Tuanvm37 | G20: GiangDC2 | H20: 2026-09-21 | J20: v1.1 | K20: R1 | L20: 5 | M20: Ghép nối | N20: App | Q20: Logic | R20: Functionality | T20: 1
A21: FE-312 | B21: Bug | C21: [TC_05 - Bảng tin & Chi tiết tin] [Suggest]- Chủ tin mở tin từ Bảng tin không có Chỉnh sửa/Huỷ đơn | D21: To Do | E21: Medium | F21: Tuanvm37 | G21: GiangDC2 | H21: 2026-09-21 | J21: v1.1 | K21: R1 | L21: 0 | M21: Bảng tin & Chi tiết tin | N21: App | Q21: Interface | R21: Usability | T21: 1
A22: FE-317 | B22: Bug | C22: [TC_01- Hoạt động] - Lý do trên card đơn Hết hạn hiện sai chuỗi chính thức | D22: To Do | E22: Lowest | F22: Tuanvm37 | G22: GiangDC2 | H22: 2026-09-22 | J22: v1.1 | K22: R1 | L22: 2 | M22: Hoạt động (Đơn của tôi) | N22: App | Q22: Requirement | R22: Usability | T22: 1
A23: FE-318 | B23: Bug | C23: [TC_01 - Hoạt động] - Empty state tab Đang diễn ra thiếu dòng giải thích | D23: To Do | E23: Low | F23: Tuanvm37 | G23: GiangDC2 | H23: 2026-09-22 | J23: v1.1 | K23: R1 | L23: 2 | M23: Hoạt động (Đơn của tôi) | N23: App | Q23: Requirement | R23: Usability | T23: 1
A24: FE-319 | B24: Bug | C24: [TC_03 - Huỷ đơn] - Log người gửi huỷ đơn lại ghi nhãn Đã huỷ nhận đơn | D24: To Do | E24: Low | F24: Tuanvm37 | G24: GiangDC2 | H24: 2026-09-22 | J24: v1.1 | K24: R1 | L24: 2 | M24: Huỷ đơn - Huỷ nhận đơn | N24: App | Q24: Interface | R24: Usability | T24: 1
A25: FE-320 | B25: Bug | C25: [TC_03 - Huỷ đơn][Suggest] - Thiếu dòng lỗi dưới ô lý do khi nhập 4 ký tự | D25: To Do | E25: Low | F25: Tuanvm37 | G25: GiangDC2 | H25: 2026-09-22 | J25: v1.1 | K25: R1 | L25: 0 | M25: Huỷ đơn - Huỷ nhận đơn | N25: App | Q25: Interface | R25: Usability | T25: 1
... A33: FE-328 | B33: Bug | C33: [TC_03 - Huỷ đơn]- Title popup thông báo Đã hủy nhậ nđơn không đúng bị hiển thị trên 2 dòng | D33: To Do | E33: Medium | F33: Tuanvm37 | G33: GiangDC2 | H33: 2026-09-22 | J33: v1.1 | K33: R1 | L33: 2 | M33: Huỷ đơn - Huỷ nhận đơn | N33: App | Q33: Interface | R33: Usability | T33: 1
A34: FE-329 | B34: Bug | C34: [TC_08 - Thông báo]- Nội dung thông báo khi giao cho người được ủy quyền không đúng | D34: In review | E34: Medium | F34: HungHT32 | G34: GiangDC2 | H34: 2026-09-22 | I34: 2026-09-22 | J34: v1.1 | K34: R1 | L34: 5 | M34: Thông báo | N34: App | O34: Fixed | Q34: Interface | R34: Usability | T34: 1
A35: FE-330 | B35: Bug | C35: [TC_09 - Đăng tin]- Có thể chọn người gởi và nhận cùng email | D35: To Do | E35: Medium | F35: Tuanvm37 | G35: GiangDC2 | H35: 2026-09-22 | J35: v1.1 | K35: R1 | L35: 2 | M35: Đăng tin & Quản lý tin | N35: App | Q35: Logic | R35: Functionality | T35: 1
A36: FE-331 | B36: Bug | C36: [TC_04 - Giao nhận & Theo dõi đơn]- Lịch sử và btn trên màn hình theo dõi đơn khi đơn Đã hẹn giao lại không đúng | D36: To Do | E36: Medium | F36: Tuanvm37 | G36: GiangDC2 | H36: 2026-09-22 | J36: v1.1 | K36: R1 | L36: 5 | M36: Giao nhận & Theo dõi đơn | N36: App | Q36: Data | R36: Functionality | T36: 1
A37: FE-332 | B37: Bug | C37: [TC_04 - Giao nhận & Theo dõi đơn]- suggest kiêm tra điều kiện hoặc thông báo cho người dùng khi SĐT không tồn tại zalo | D37: To Do | E37: Medium | F37: Tuanvm37 | G37: GiangDC2 | H37: 2026-09-22 | J37: v1.1 | K37: R1 | L37: 0 | M37: Giao nhận & Theo dõi đơn | N37: App | Q37: Interface | R37: Usability | T37: 1
A38: FE-333 | B38: Bug | C38: [TC_04 - Giao nhận & Theo dõi đơn]- Xử lý khi click btn Không thê liên lạc cho người nhận không đúng | D38: To Do | E38: Medium | F38: Tuanvm37 | G38: GiangDC2 | H38: 2026-09-22 | J38: v1.1 | K38: R1 | L38: 2 | M38: Giao nhận & Theo dõi đơn | N38: App | Q38: Logic | R38: Functionality | T38: 1
A39: FE-334 | B39: Bug | C39: [TC_04 - Giao nhận & Theo dõi đơn]- Không validate SĐT tại Ngươi được ủy quyền/Quầy lễ tân/Quầy bảo vệ | D39: To Do | E39: Medium | F39: Tuanvm37 | G39: GiangDC2 | H39: 2026-09-22 | J39: v1.1 | K39: R1 | L39: 2 | M39: Giao nhận & Theo dõi đơn | N39: App | Q39: Interface | R39: Usability | T39: 1
A40: FE-337 | B40: Bug | C40: [TC_04 - Giao nhận & Theo dõi đơn]- Giao diện màn hình Theo dõi đơn - Luồng xác nhận trả hàng cho người gởi không đúng | D40: To Do | E40: Medium | F40: Tuanvm37 | G40: GiangDC2 | H40: 2026-09-22 | J40: v1.1 | K40: R1 | L40: 5 | M40: Giao nhận & Theo dõi đơn | N40: App | Q40: Logic | R40: Functionality | T40: 1
A41: FE-338 | B41: Bug | C41: [TC_04 - Giao nhận & Theo dõi đơn]- Giao diện màn hình Theo dõi đơn - Luồng hẹn giao lại | D41: To Do | E41: Medium | F41: Tuanvm37 | G41: GiangDC2 | H41: 2026-09-22 | J41: v1.1 | K41: R1 | L41: 5 | M41: Giao nhận & Theo dõi đơn | N41: App | Q41: Logic | R41: Functionality | T41: 1

Sheet RTM
B2: RTM — MA TRẬN TRUY VẾT YÊU CẦU (Requirement Traceability Matrix)
B3: Mỗi dòng = 1 yêu cầu (Req ID) ĐÃ CÓ test case — REQ out-scope / chốt không làm không liệt kê ở đây. Số liệu tự đếm từ các sheet Test Case.
B5: Req ID | C5: Yêu cầu (mô tả) | D5: Nguồn (DOC) | E5: Số TC | F5: Đã chạy | G5: Pass | H5: Fail | I5: Block | J5: N/A | K5: % phủ | L5: Trạng thái
B6: REQ-ACT-001 | C6: Nguồn (v1.0) — `DOC-v1.0-02 §3.7` + `KP-01 §3 KB-ORD-07` (quan sát app 2026-07-27): "Màn Hoạt động có 2 tab: **Đang diễn ra** / **Đã hoàn thành**. | D6: DOC-v1.1-01 §8.17.1 EMP-05 / EMP-06 · trang 51 | E6: =SUMPRODUCT(--ISNUMBER(SEARCH(", "&$B6&", ",", "&'Hoạt động (Đơn của tôi)'!$B$7:$B$500&", ")))+SUMPRODUCT(--ISNUMBER(SEARCH(", "&$B6&", ",", "&'Ghép nối'!$B$7:$B$500&", ")))+SUMPRODUCT(--ISNUMBER(SEARCH(", "&$B6&", ",", "&'Huỷ đơn - Huỷ nhận đơn'!$B$7:$B$500&", ")))+SUMPRODUCT(--ISNUMBER(SEARCH(", "&$B6&", ",", "&'Giao nhận & Theo dõi đơn'!$B$7:$B$500&", ")))+SUMPRODUCT(--ISNUMBER(SEARCH(", "&$B6&", ",", "&'Bảng tin & Chi tiết tin'!$B$7:$B$500&", ")))+SUMPRODUCT(--ISNUMBER(SEARCH(", "&$B6&", ",", "&'Quà cảm ơn'!$B$7:$B$500&", ")))+SUMPRODUCT(--ISNUMBER(SEARCH(", "&$B6&", ",", "&'Trang chủ'!$B$7:$B$500&", ")))+SUMPRODUCT(--ISNUMBER(SEARCH(", "&$B6&", ",", "&'Thông báo'!$B$7:$B$500&", ")))+SUMPRODUCT(--ISNUMBER(SEARCH(", "&$B6&", ",", "&'Đăng tin & Quản lý tin'!$B$7:$B$500&", ")))+SUMPRODUCT(--ISNUMBER(SEARCH(", "&$B6&", ",", "&'Trust & Safety'!$B$7:$B$500&", ")))+SUMPRODUCT(--ISNUMBER(SEARCH(", "&$B6&", ",", "&'Tài khoản & Hồ sơ'!$B$7:$B$500&", "))) | F6: =SUMPRODUCT(--ISNUMBER(SEARCH(", "&$B6&", ",", "&'Hoạt động (Đơn của tôi)'!$B$7:$B$500&", ")),--('Hoạt động (Đơn của tôi)'!$AT$7:$AT$500<>""))+SUMPRODUCT(--ISNUMBER(SEARCH(", "&$B6&", ",", "&'Ghép nối'!$B$7:$B$500&", ")),--('Ghép nối'!$AT$7:$AT$500<>""))+SUMPRODUCT(--ISNUMBER(SEARCH(", "&$B6&", ",", "&'Huỷ đơn - Huỷ nhận đơn'!$B$7:$B$500&", ")),--('Huỷ đơn - Huỷ nhận đơn'!$AT$7:$AT$500<>""))+SUMPRODUCT(--ISNUMBER(SEARCH(", "&$B6&", ",", "&'Giao nhận & Theo dõi đơn'!$B$7:$B$500&", ")),--('Giao nhận & Theo dõi đơn'!$AT$7:$AT$500<>""))+SUMPRODUCT(--ISNUMBER(SEARCH(", "&$B6&", ",", "&'Bảng tin & Chi tiết tin'!$B$7:$B$500&", ")),--('Bảng tin & Chi tiết tin'!$AT$7:$AT$500<>""))+SUMPRODUCT(--ISNUMBER(SEARCH(", "&$B6&", ",", "&'Quà cảm ơn'!$B$7:$B$500&", ")),--('Quà cảm ơn'!$AT$7:$AT$500<>""))+SUMPRODUCT(--ISNUMBER(SEARCH(", "&$B6&", ",", "&'Trang chủ'!$B$7:$B$500&", ")),--('Trang chủ'!$AT$7:$AT$500<>""))+SUMPRODUCT(--ISNUMBER(SEARCH(", "&$B6&", ",", "&'Thông báo'!$B$7:$B$500&", ")),--('Thông báo'!$AT$7:$AT$500<>""))+SUMPRODUCT(--ISNUMBER(SEARCH(", "&$B6&", ",", "&'Đăng tin & Quản lý tin'!$B$7:$B$500&", ")),--('Đăng tin & Quản lý tin'!$AT$7:$AT$500<>""))+SUMPRODUCT(--ISNUMBER(SEARCH(", "&$B6&", ",", "&'Trust & Safety'!$B$7:$B$500&", ")),--('Trust & Safety'!$AT$7:$AT$500<>""))+SUMPRODUCT(--ISNUMBER(SEARCH(", "&$B6&", ",", "&'Tài khoản & Hồ sơ'!$B$7:$B$500&", ")),--('Tài khoản & Hồ sơ'!$AT$7:$AT$500<>"")) | G6: =SUMPRODUCT(--ISNUMBER(SEARCH(", "&$B6&", ",", "&'Hoạt động (Đơn của tôi)'!$B$7:$B$500&", ")),--('Hoạt động (Đơn của tôi)'!$AT$7:$AT$500="Pass"))+SUMPRODUCT(--ISNUMBER(SEARCH(", "&$B6&", ",", "&'Ghép nối'!$B$7:$B$500&", ")),--('Ghép nối'!$AT$7:$AT$500="Pass"))+SUMPRODUCT(--ISNUMBER(SEARCH(", "&$B6&", ",", "&'Huỷ đơn - Huỷ nhận đơn'!$B$7:$B$500&", ")),--('Huỷ đơn - Huỷ nhận đơn'!$AT$7:$AT$500="Pass"))+SUMPRODUCT(--ISNUMBER(SEARCH(", "&$B6&", ",", "&'Giao nhận & Theo dõi đơn'!$B$7:$B$500&", ")),--('Giao nhận & Theo dõi đơn'!$AT$7:$AT$500="Pass"))+SUMPRODUCT(--ISNUMBER(SEARCH(", "&$B6&", ",", "&'Bảng tin & Chi tiết tin'!$B$7:$B$500&", ")),--('Bảng tin & Chi tiết tin'!$AT$7:$AT$500="Pass"))+SUMPRODUCT(--ISNUMBER(SEARCH(", "&$B6&", ",", "&'Quà cảm ơn'!$B$7:$B$500&", ")),--('Quà cảm ơn'!$AT$7:$AT$500="Pass"))+SUMPRODUCT(--ISNUMBER(SEARCH(", "&$B6&", ",", "&'Trang chủ'!$B$7:$B$500&", ")),--('Trang chủ'!$AT$7:$AT$500="Pass"))+SUMPRODUCT(--ISNUMBER(SEARCH(", "&$B6&", ",", "&'Thông báo'!$B$7:$B$500&", ")),--('Thông báo'!$AT$7:$AT$500="Pass"))+SUMPRODUCT(--ISNUMBER(SEARCH(", "&$B6&", ",", "&'Đăng tin & Quản lý tin'!$B$7:$B$500&", ")),--('Đăng tin & Quản lý tin'!$AT$7:$AT$500="Pass"))+SUMPRODUCT(--ISNUMBER(SEARCH(", "&$B6&", ",", "&'Trust & Safety'!$B$7:$B$500&", ")),--('Trust & Safety'!$AT$7:$AT$500="Pass"))+SUMPRODUCT(--ISNUMBER(SEARCH(", "&$B6&", ",", "&'Tài khoản & Hồ sơ'!$B$7:$B$500&", ")),--('Tài khoản & Hồ sơ'!$AT$7:$AT$500="Pass")) | H6: =SUMPRODUCT(--ISNUMBER(SEARCH(", "&$B6&", ",", "&'Hoạt động (Đơn của tôi)'!$B$7:$B$500&", ")),--('Hoạt động (Đơn của tôi)'!$AT$7:$AT$500="Fail"))+SUMPRODUCT(--ISNUMBER(SEARCH(", "&$B6&", ",", "&'Ghép nối'!$B$7:$B$500&", ")),--('Ghép nối'!$AT$7:$AT$500="Fail"))+SUMPRODUCT(--ISNUMBER(SEARCH(", "&$B6&", ",", "&'Huỷ đơn - Huỷ nhận đơn'!$B$7:$B$500&", ")),--('Huỷ đơn - Huỷ nhận đơn'!$AT$7:$AT$500="Fail"))+SUMPRODUCT(--ISNUMBER(SEARCH(", "&$B6&", ",", "&'Giao nhận & Theo dõi đơn'!$B$7:$B$500&", ")),--('Giao nhận & Theo dõi đơn'!$AT$7:$AT$500="Fail"))+SUMPRODUCT(--ISNUMBER(SEARCH(", "&$B6&", ",", "&'Bảng tin & Chi tiết tin'!$B$7:$B$500&", ")),--('Bảng tin & Chi tiết tin'!$AT$7:$AT$500="Fail"))+SUMPRODUCT(--ISNUMBER(SEARCH(", "&$B6&", ",", "&'Quà cảm ơn'!$B$7:$B$500&", ")),--('Quà cảm ơn'!$AT$7:$AT$500="Fail"))+SUMPRODUCT(--ISNUMBER(SEARCH(", "&$B6&", ",", "&'Trang chủ'!$B$7:$B$500&", ")),--('Trang chủ'!$AT$7:$AT$500="Fail"))+SUMPRODUCT(--ISNUMBER(SEARCH(", "&$B6&", ",", "&'Thông báo'!$B$7:$B$500&", ")),--('Thông báo'!$AT$7:$AT$500="Fail"))+SUMPRODUCT(--ISNUMBER(SEARCH(", "&$B6&", ",", "&'Đăng tin & Quản lý tin'!$B$7:$B$500&", ")),--('Đăng tin & Quản lý tin'!$AT$7:$AT$500="Fail"))+SUMPRODUCT(--ISNUMBER(SEARCH(", "&$B6&", ",", "&'Trust & Safety'!$B$7:$B$500&", ")),--('Trust & Safety'!$AT$7:$AT$500="Fail"))+SUMPRODUCT(--ISNUMBER(SEARCH(", "&$B6&", ",", "&'Tài khoản & Hồ sơ'!$B$7:$B$500&", ")),--('Tài khoản & Hồ sơ'!$AT$7:$AT$500="Fail")) | I6: =SUMPRODUCT(--ISNUMBER(SEARCH(", "&$B6&", ",", "&'Hoạt động (Đơn của tôi)'!$B$7:$B$500&", ")),--('Hoạt động (Đơn của tôi)'!$AT$7:$AT$500="Block"))+SUMPRODUCT(--ISNUMBER(SEARCH(", "&$B6&", ",", "&'Ghép nối'!$B$7:$B$500&", ")),--('Ghép nối'!$AT$7:$AT$500="Block"))+SUMPRODUCT(--ISNUMBER(SEARCH(", "&$B6&", ",", "&'Huỷ đơn - Huỷ nhận đơn'!$B$7:$B$500&", ")),--('Huỷ đơn - Huỷ nhận đơn'!$AT$7:$AT$500="Block"))+SUMPRODUCT(--ISNUMBER(SEARCH(", "&$B6&", ",", "&'Giao nhận & Theo dõi đơn'!$B$7:$B$500&", ")),--('Giao nhận & Theo dõi đơn'!$AT$7:$AT$500="Block"))+SUMPRODUCT(--ISNUMBER(SEARCH(", "&$B6&", ",", "&'Bảng tin & Chi tiết tin'!$B$7:$B$500&", ")),--('Bảng tin & Chi tiết tin'!$AT$7:$AT$500="Block"))+SUMPRODUCT(--ISNUMBER(SEARCH(", "&$B6&", ",", "&'Quà cảm ơn'!$B$7:$B$500&", ")),--('Quà cảm ơn'!$AT$7:$AT$500="Block"))+SUMPRODUCT(--ISNUMBER(SEARCH(", "&$B6&", ",", "&'Trang chủ'!$B$7:$B$500&", ")),--('Trang chủ'!$AT$7:$AT$500="Block"))+SUMPRODUCT(--ISNUMBER(SEARCH(", "&$B6&", ",", "&'Thông báo'!$B$7:$B$500&", ")),--('Thông báo'!$AT$7:$AT$500="Block"))+SUMPRODUCT(--ISNUMBER(SEARCH(", "&$B6&", ",", "&'Đăng tin & Quản lý tin'!$B$7:$B$500&", ")),--('Đăng tin & Quản lý tin'!$AT$7:$AT$500="Block"))+SUMPRODUCT(--ISNUMBER(SEARCH(", "&$B6&", ",", "&'Trust & Safety'!$B$7:$B$500&", ")),--('Trust & Safety'!$AT$7:$AT$500="Block"))+SUMPRODUCT(--ISNUMBER(SEARCH(", "&$B6&", ",", "&'Tài khoản & Hồ sơ'!$B$7:$B$500&", ")),--('Tài khoản & Hồ sơ'!$AT$7:$AT$500="Block")) | J6: =SUMPRODUCT(--ISNUMBER(SEARCH(", "&$B6&", ",", "&'Hoạt động (Đơn của tôi)'!$B$7:$B$500&", ")),--('Hoạt động (Đơn của tôi)'!$AT$7:$AT$500="N/A"))+SUMPRODUCT(--ISNUMBER(SEARCH(", "&$B6&", ",", "&'Ghép nối'!$B$7:$B$500&", ")),--('Ghép nối'!$AT$7:$AT$500="N/A"))+SUMPRODUCT(--ISNUMBER(SEARCH(", "&$B6&", ",", "&'Huỷ đơn - Huỷ nhận đơn'!$B$7:$B$500&", ")),--('Huỷ đơn - Huỷ nhận đơn'!$AT$7:$AT$500="N/A"))+SUMPRODUCT(--ISNUMBER(SEARCH(", "&$B6&", ",", "&'Giao nhận & Theo dõi đơn'!$B$7:$B$500&", ")),--('Giao nhận & Theo dõi đơn'!$AT$7:$AT$500="N/A"))+SUMPRODUCT(--ISNUMBER(SEARCH(", "&$B6&", ",", "&'Bảng tin & Chi tiết tin'!$B$7:$B$500&", ")),--('Bảng tin & Chi tiết tin'!$AT$7:$AT$500="N/A"))+SUMPRODUCT(--ISNUMBER(SEARCH(", "&$B6&", ",", "&'Quà cảm ơn'!$B$7:$B$500&", ")),--('Quà cảm ơn'!$AT$7:$AT$500="N/A"))+SUMPRODUCT(--ISNUMBER(SEARCH(", "&$B6&", ",", "&'Trang chủ'!$B$7:$B$500&", ")),--('Trang chủ'!$AT$7:$AT$500="N/A"))+SUMPRODUCT(--ISNUMBER(SEARCH(", "&$B6&", ",", "&'Thông báo'!$B$7:$B$500&", ")),--('Thông báo'!$AT$7:$AT$500="N/A"))+SUMPRODUCT(--ISNUMBER(SEARCH(", "&$B6&", ",", "&'Đăng tin & Quản lý tin'!$B$7:$B$500&", ")),--('Đăng tin & Quản lý tin'!$AT$7:$AT$500="N/A"))+SUMPRODUCT(--ISNUMBER(SEARCH(", "&$B6&", ",", "&'Trust & Safety'!$B$7:$B$500&", ")),--('Trust & Safety'!$AT$7:$AT$500="N/A"))+SUMPRODUCT(--ISNUMBER(SEARCH(", "&$B6&", ",", "&'Tài khoản & Hồ sơ'!$B$7:$B$500&", ")),--('Tài khoản & Hồ sơ'!$AT$7:$AT$500="N/A")) | K6: =IFERROR(F6/E6,0) | L6: =IF(E6=0,"Chưa có TC (gap)",IF(H6>0,"Có lỗi (Fail)",IF(I6>0,"Bị block",IF(F6<E6,"Đang test",IF(G6=0,"Không áp dụng (N/A)","Đã test xong"))))) | AB6: REQ-ACT | AD6: REQ-ACT | AE6: =SUMIF($AB$6:$AB$143,$AD6,$E$6:$E$143) | AF6: =SUMIF($AB$6:$AB$143,$AD6,$F$6:$F$143)
B7: REQ-ACT-004 | C7: Nguồn (v1.0) — `DOC-v1.0-02 §3.7 đoạn 3` + `DOC-v1.0-01 §D1b US-D04 L166`: "Tab 'Đã hoàn thành' liệt kê các đơn đã kết thúc. | D7: DOC-v1.1-01 §6.2 AC-24.2.01 · trang 25 | E7: =SUMPRODUCT(--ISNUMBER(SEARCH(", "&$B7&", ",", "&'Hoạt động (Đơn của tôi)'!$B$7:$B$500&", ")))+SUMPRODUCT(--ISNUMBER(SEARCH(", "&$B7&", ",", "&'Ghép nối'!$B$7:$B$500&", ")))+SUMPRODUCT(--ISNUMBER(SEARCH(", "&$B7&", ",", "&'Huỷ đơn - Huỷ nhận đơn'!$B$7:$B$500&", ")))+SUMPRODUCT(--ISNUMBER(SEARCH(", "&$B7&", ",", "&'Giao nhận & Theo dõi đơn'!$B$7:$B$500&", ")))+SUMPRODUCT(--ISNUMBER(SEARCH(", "&$B7&", ",", "&'Bảng tin & Chi tiết tin'!$B$7:$B$500&", ")))+SUMPRODUCT(--ISNUMBER(SEARCH(", "&$B7&", ",", "&'Quà cảm ơn'!$B$7:$B$500&", ")))+SUMPRODUCT(--ISNUMBER(SEARCH(", "&$B7&", ",", "&'Trang chủ'!$B$7:$B$500&", ")))+SUMPRODUCT(--ISNUMBER(SEARCH(", "&$B7&", ",", "&'Thông báo'!$B$7:$B$500&", ")))+SUMPRODUCT(--ISNUMBER(SEARCH(", "&$B7&", ",", "&'Đăng tin & Quản lý tin'!$B$7:$B$500&", ")))+SUMPRODUCT(--ISNUMBER(SEARCH(", "&$B7&", ",", "&'Trust & Safety'!$B$7:$B$500&", ")))+SUMPRODUCT(--ISNUMBER(SEARCH(", "&$B7&", ",", "&'Tài khoản & Hồ sơ'!$B$7:$B$500&", "))) | F7: =SUMPRODUCT(--ISNUMBER(SEARCH(", "&$B7&", ",", "&'Hoạt động (Đơn của tôi)'!$B$7:$B$500&", ")),--('Hoạt động (Đơn của tôi)'!$AT$7:$AT$500<>""))+SUMPRODUCT(--ISNUMBER(SEARCH(", "&$B7&", ",", "&'Ghép nối'!$B$7:$B$500&", ")),--('Ghép nối'!$AT$7:$AT$500<>""))+SUMPRODUCT(--ISNUMBER(SEARCH(", "&$B7&", ",", "&'Huỷ đơn - Huỷ nhận đơn'!$B$7:$B$500&", ")),--('Huỷ đơn - Huỷ nhận đơn'!$AT$7:$AT$500<>""))+SUMPRODUCT(--ISNUMBER(SEARCH(", "&$B7&", ",", "&'Giao nhận & Theo dõi đơn'!$B$7:$B$500&", ")),--('Giao nhận & Theo dõi đơn'!$AT$7:$AT$500<>""))+SUMPRODUCT(--ISNUMBER(SEARCH(", "&$B7&", ",", "&'Bảng tin & Chi tiết tin'!$B$7:$B$500&", ")),--('Bảng tin & Chi tiết tin'!$AT$7:$AT$500<>""))+SUMPRODUCT(--ISNUMBER(SEARCH(", "&$B7&", ",", "&'Quà cảm ơn'!$B$7:$B$500&", ")),--('Quà cảm ơn'!$AT$7:$AT$500<>""))+SUMPRODUCT(--ISNUMBER(SEARCH(", "&$B7&", ",", "&'Trang chủ'!$B$7:$B$500&", ")),--('Trang chủ'!$AT$7:$AT$500<>""))+SUMPRODUCT(--ISNUMBER(SEARCH(", "&$B7&", ",", "&'Thông báo'!$B$7:$B$500&", ")),--('Thông báo'!$AT$7:$AT$500<>""))+SUMPRODUCT(--ISNUMBER(SEARCH(", "&$B7&", ",", "&'Đăng tin & Quản lý tin'!$B$7:$B$500&", ")),--('Đăng tin & Quản lý tin'!$AT$7:$AT$500<>""))+SUMPRODUCT(--ISNUMBER(SEARCH(", "&$B7&", ",", "&'Trust & Safety'!$B$7:$B$500&", ")),--('Trust & Safety'!$AT$7:$AT$500<>""))+SUMPRODUCT(--ISNUMBER(SEARCH(", "&$B7&", ",", "&'Tài khoản & Hồ sơ'!$B$7:$B$500&", ")),--('Tài khoản & Hồ sơ'!$AT$7:$AT$500<>"")) | G7: =SUMPRODUCT(--ISNUMBER(SEARCH(", "&$B7&", ",", "&'Hoạt động (Đơn của tôi)'!$B$7:$B$500&", ")),--('Hoạt động (Đơn của tôi)'!$AT$7:$AT$500="Pass"))+SUMPRODUCT(--ISNUMBER(SEARCH(", "&$B7&", ",", "&'Ghép nối'!$B$7:$B$500&", ")),--('Ghép nối'!$AT$7:$AT$500="Pass"))+SUMPRODUCT(--ISNUMBER(SEARCH(", "&$B7&", ",", "&'Huỷ đơn - Huỷ nhận đơn'!$B$7:$B$500&", ")),--('Huỷ đơn - Huỷ nhận đơn'!$AT$7:$AT$500="Pass"))+SUMPRODUCT(--ISNUMBER(SEARCH(", "&$B7&", ",", "&'Giao nhận & Theo dõi đơn'!$B$7:$B$500&", ")),--('Giao nhận & Theo dõi đơn'!$AT$7:$AT$500="Pass"))+SUMPRODUCT(--ISNUMBER(SEARCH(", "&$B7&", ",", "&'Bảng tin & Chi tiết tin'!$B$7:$B$500&", ")),--('Bảng tin & Chi tiết tin'!$AT$7:$AT$500="Pass"))+SUMPRODUCT(--ISNUMBER(SEARCH(", "&$B7&", ",", "&'Quà cảm ơn'!$B$7:$B$500&", ")),--('Quà cảm ơn'!$AT$7:$AT$500="Pass"))+SUMPRODUCT(--ISNUMBER(SEARCH(", "&$B7&", ",", "&'Trang chủ'!$B$7:$B$500&", ")),--('Trang chủ'!$AT$7:$AT$500="Pass"))+SUMPRODUCT(--ISNUMBER(SEARCH(", "&$B7&", ",", "&'Thông báo'!$B$7:$B$500&", ")),--('Thông báo'!$AT$7:$AT$500="Pass"))+SUMPRODUCT(--ISNUMBER(SEARCH(", "&$B7&", ",", "&'Đăng tin & Quản lý tin'!$B$7:$B$500&", ")),--('Đăng tin & Quản lý tin'!$AT$7:$AT$500="Pass"))+SUMPRODUCT(--ISNUMBER(SEARCH(", "&$B7&", ",", "&'Trust & Safety'!$B$7:$B$500&", ")),--('Trust & Safety'!$AT$7:$AT$500="Pass"))+SUMPRODUCT(--ISNUMBER(SEARCH(", "&$B7&", ",", "&'Tài khoản & Hồ sơ'!$B$7:$B$500&", ")),--('Tài khoản & Hồ sơ'!$AT$7:$AT$500="Pass")) | H7: =SUMPRODUCT(--ISNUMBER(SEARCH(", "&$B7&", ",", "&'Hoạt động (Đơn của tôi)'!$B$7:$B$500&", ")),--('Hoạt động (Đơn của tôi)'!$AT$7:$AT$500="Fail"))+SUMPRODUCT(--ISNUMBER(SEARCH(", "&$B7&", ",", "&'Ghép nối'!$B$7:$B$500&", ")),--('Ghép nối'!$AT$7:$AT$500="Fail"))+SUMPRODUCT(--ISNUMBER(SEARCH(", "&$B7&", ",", "&'Huỷ đơn - Huỷ nhận đơn'!$B$7:$B$500&", ")),--('Huỷ đơn - Huỷ nhận đơn'!$AT$7:$AT$500="Fail"))+SUMPRODUCT(--ISNUMBER(SEARCH(", "&$B7&", ",", "&'Giao nhận & Theo dõi đơn'!$B$7:$B$500&", ")),--('Giao nhận & Theo dõi đơn'!$AT$7:$AT$500="Fail"))+SUMPRODUCT(--ISNUMBER(SEARCH(", "&$B7&", ",", "&'Bảng tin & Chi tiết tin'!$B$7:$B$500&", ")),--('Bảng tin & Chi tiết tin'!$AT$7:$AT$500="Fail"))+SUMPRODUCT(--ISNUMBER(SEARCH(", "&$B7&", ",", "&'Quà cảm ơn'!$B$7:$B$500&", ")),--('Quà cảm ơn'!$AT$7:$AT$500="Fail"))+SUMPRODUCT(--ISNUMBER(SEARCH(", "&$B7&", ",", "&'Trang chủ'!$B$7:$B$500&", ")),--('Trang chủ'!$AT$7:$AT$500="Fail"))+SUMPRODUCT(--ISNUMBER(SEARCH(", "&$B7&", ",", "&'Thông báo'!$B$7:$B$500&", ")),--('Thông báo'!$AT$7:$AT$500="Fail"))+SUMPRODUCT(--ISNUMBER(SEARCH(", "&$B7&", ",", "&'Đăng tin & Quản lý tin'!$B$7:$B$500&", ")),--('Đăng tin & Quản lý tin'!$AT$7:$AT$500="Fail"))+SUMPRODUCT(--ISNUMBER(SEARCH(", "&$B7&", ",", "&'Trust & Safety'!$B$7:$B$500&", ")),--('Trust & Safety'!$AT$7:$AT$500="Fail"))+SUMPRODUCT(--ISNUMBER(SEARCH(", "&$B7&", ",", "&'Tài khoản & Hồ sơ'!$B$7:$B$500&", ")),--('Tài khoản & Hồ sơ'!$AT$7:$AT$500="Fail")) | I7: =SUMPRODUCT(--ISNUMBER(SEARCH(", "&$B7&", ",", "&'Hoạt động (Đơn của tôi)'!$B$7:$B$500&", ")),--('Hoạt động (Đơn của tôi)'!$AT$7:$AT$500="Block"))+SUMPRODUCT(--ISNUMBER(SEARCH(", "&$B7&", ",", "&'Ghép nối'!$B$7:$B$500&", ")),--('Ghép nối'!$AT$7:$AT$500="Block"))+SUMPRODUCT(--ISNUMBER(SEARCH(", "&$B7&", ",", "&'Huỷ đơn - Huỷ nhận đơn'!$B$7:$B$500&", ")),--('Huỷ đơn - Huỷ nhận đơn'!$AT$7:$AT$500="Block"))+SUMPRODUCT(--ISNUMBER(SEARCH(", "&$B7&", ",", "&'Giao nhận & Theo dõi đơn'!$B$7:$B$500&", ")),--('Giao nhận & Theo dõi đơn'!$AT$7:$AT$500="Block"))+SUMPRODUCT(--ISNUMBER(SEARCH(", "&$B7&", ",", "&'Bảng tin & Chi tiết tin'!$B$7:$B$500&", ")),--('Bảng tin & Chi tiết tin'!$AT$7:$AT$500="Block"))+SUMPRODUCT(--ISNUMBER(SEARCH(", "&$B7&", ",", "&'Quà cảm ơn'!$B$7:$B$500&", ")),--('Quà cảm ơn'!$AT$7:$AT$500="Block"))+SUMPRODUCT(--ISNUMBER(SEARCH(", "&$B7&", ",", "&'Trang chủ'!$B$7:$B$500&", ")),--('Trang chủ'!$AT$7:$AT$500="Block"))+SUMPRODUCT(--ISNUMBER(SEARCH(", "&$B7&", ",", "&'Thông báo'!$B$7:$B$500&", ")),--('Thông báo'!$AT$7:$AT$500="Block"))+SUMPRODUCT(--ISNUMBER(SEARCH(", "&$B7&", ",", "&'Đăng tin & Quản lý tin'!$B$7:$B$500&", ")),--('Đăng tin & Quản lý tin'!$AT$7:$AT$500="Block"))+SUMPRODUCT(--ISNUMBER(SEARCH(", "&$B7&", ",", "&'Trust & Safety'!$B$7:$B$500&", ")),--('Trust & Safety'!$AT$7:$AT$500="Block"))+SUMPRODUCT(--ISNUMBER(SEARCH(", "&$B7&", ",", "&'Tài khoản & Hồ sơ'!$B$7:$B$500&", ")),--('Tài khoản & Hồ sơ'!$AT$7:$AT$500="Block")) | J7: =SUMPRODUCT(--ISNUMBER(SEARCH(", "&$B7&", ",", "&'Hoạt động (Đơn của tôi)'!$B$7:$B$500&", ")),--('Hoạt động (Đơn của tôi)'!$AT$7:$AT$500="N/A"))+SUMPRODUCT(--ISNUMBER(SEARCH(", "&$B7&", ",", "&'Ghép nối'!$B$7:$B$500&", ")),--('Ghép nối'!$AT$7:$AT$500="N/A"))+SUMPRODUCT(--ISNUMBER(SEARCH(", "&$B7&", ",", "&'Huỷ đơn - Huỷ nhận đơn'!$B$7:$B$500&", ")),--('Huỷ đơn - Huỷ nhận đơn'!$AT$7:$AT$500="N/A"))+SUMPRODUCT(--ISNUMBER(SEARCH(", "&$B7&", ",", "&'Giao nhận & Theo dõi đơn'!$B$7:$B$500&", ")),--('Giao nhận & Theo dõi đơn'!$AT$7:$AT$500="N/A"))+SUMPRODUCT(--ISNUMBER(SEARCH(", "&$B7&", ",", "&'Bảng tin & Chi tiết tin'!$B$7:$B$500&", ")),--('Bảng tin & Chi tiết tin'!$AT$7:$AT$500="N/A"))+SUMPRODUCT(--ISNUMBER(SEARCH(", "&$B7&", ",", "&'Quà cảm ơn'!$B$7:$B$500&", ")),--('Quà cảm ơn'!$AT$7:$AT$500="N/A"))+SUMPRODUCT(--ISNUMBER(SEARCH(", "&$B7&", ",", "&'Trang chủ'!$B$7:$B$500&", ")),--('Trang chủ'!$AT$7:$AT$500="N/A"))+SUMPRODUCT(--ISNUMBER(SEARCH(", "&$B7&", ",", "&'Thông báo'!$B$7:$B$500&", ")),--('Thông báo'!$AT$7:$AT$500="N/A"))+SUMPRODUCT(--ISNUMBER(SEARCH(", "&$B7&", ",", "&'Đăng tin & Quản lý tin'!$B$7:$B$500&", ")),--('Đăng tin & Quản lý tin'!$AT$7:$AT$500="N/A"))+SUMPRODUCT(--ISNUMBER(SEARCH(", "&$B7&", ",", "&'Trust & Safety'!$B$7:$B$500&", ")),--('Trust & Safety'!$AT$7:$AT$500="N/A"))+SUMPRODUCT(--ISNUMBER(SEARCH(", "&$B7&", ",", "&'Tài khoản & Hồ sơ'!$B$7:$B$500&", ")),--('Tài khoản & Hồ sơ'!$AT$7:$AT$500="N/A")) | K7: =IFERROR(F7/E7,0) | L7: =IF(E7=0,"Chưa có TC (gap)",IF(H7>0,"Có lỗi (Fail)",IF(I7>0,"Bị block",IF(F7<E7,"Đang test",IF(G7=0,"Không áp dụng (N/A)","Đã test xong"))))) | AB7: REQ-ACT | AD7: REQ-ASN | AE7: =SUMIF($AB$6:$AB$143,$AD7,$E$6:$E$143) | AF7: =SUMIF($AB$6:$AB$143,$AD7,$F$6:$F$143)
B8: REQ-ACT-005 | C8: Nguồn (v1.0) — `DOC-v1.0-06 KP-01 §3 KB-ORD-07 (#4,#6)` (quan sát app): card "Hết hạn" **có** lý do, nhưng **chuỗi lý do lấy từ màn hình**, không từ tài liệu. | D8: DOC-v1.1-01 §8.5.1 BR05-03 · trang 38 | E8: =SUMPRODUCT(--ISNUMBER(SEARCH(", "&$B8&", ",", "&'Hoạt động (Đơn của tôi)'!$B$7:$B$500&", ")))+SUMPRODUCT(--ISNUMBER(SEARCH(", "&$B8&", ",", "&'Ghép nối'!$B$7:$B$500&", ")))+SUMPRODUCT(--ISNUMBER(SEARCH(", "&$B8&", ",", "&'Huỷ đơn - Huỷ nhận đơn'!$B$7:$B$500&", ")))+SUMPRODUCT(--ISNUMBER(SEARCH(", "&$B8&", ",", "&'Giao nhận & Theo dõi đơn'!$B$7:$B$500&", ")))+SUMPRODUCT(--ISNUMBER(SEARCH(", "&$B8&", ",", "&'Bảng tin & Chi tiết tin'!$B$7:$B$500&", ")))+SUMPRODUCT(--ISNUMBER(SEARCH(", "&$B8&", ",", "&'Quà cảm ơn'!$B$7:$B$500&", ")))+SUMPRODUCT(--ISNUMBER(SEARCH(", "&$B8&", ",", "&'Trang chủ'!$B$7:$B$500&", ")))+SUMPRODUCT(--ISNUMBER(SEARCH(", "&$B8&", ",", "&'Thông báo'!$B$7:$B$500&", ")))+SUMPRODUCT(--ISNUMBER(SEARCH(", "&$B8&", ",", "&'Đăng tin & Quản lý tin'!$B$7:$B$500&", ")))+SUMPRODUCT(--ISNUMBER(SEARCH(", "&$B8&", ",", "&'Trust & Safety'!$B$7:$B$500&", ")))+SUMPRODUCT(--ISNUMBER(SEARCH(", "&$B8&", ",", "&'Tài khoản & Hồ sơ'!$B$7:$B$500&", "))) | F8: =SUMPRODUCT(--ISNUMBER(SEARCH(", "&$B8&", ",", "&'Hoạt động (Đơn của tôi)'!$B$7:$B$500&", ")),--('Hoạt động (Đơn của tôi)'!$AT$7:$AT$500<>""))+SUMPRODUCT(--ISNUMBER(SEARCH(", "&$B8&", ",", "&'Ghép nối'!$B$7:$B$500&", ")),--('Ghép nối'!$AT$7:$AT$500<>""))+SUMPRODUCT(--ISNUMBER(SEARCH(", "&$B8&", ",", "&'Huỷ đơn - Huỷ nhận đơn'!$B$7:$B$500&", ")),--('Huỷ đơn - Huỷ nhận đơn'!$AT$7:$AT$500<>""))+SUMPRODUCT(--ISNUMBER(SEARCH(", "&$B8&", ",", "&'Giao nhận & Theo dõi đơn'!$B$7:$B$500&", ")),--('Giao nhận & Theo dõi đơn'!$AT$7:$AT$500<>""))+SUMPRODUCT(--ISNUMBER(SEARCH(", "&$B8&", ",", "&'Bảng tin & Chi tiết tin'!$B$7:$B$500&", ")),--('Bảng tin & Chi tiết tin'!$AT$7:$AT$500<>""))+SUMPRODUCT(--ISNUMBER(SEARCH(", "&$B8&", ",", "&'Quà cảm ơn'!$B$7:$B$500&", ")),--('Quà cảm ơn'!$AT$7:$AT$500<>""))+SUMPRODUCT(--ISNUMBER(SEARCH(", "&$B8&", ",", "&'Trang chủ'!$B$7:$B$500&", ")),--('Trang chủ'!$AT$7:$AT$500<>""))+SUMPRODUCT(--ISNUMBER(SEARCH(", "&$B8&", ",", "&'Thông báo'!$B$7:$B$500&", ")),--('Thông báo'!$AT$7:$AT$500<>""))+SUMPRODUCT(--ISNUMBER(SEARCH(", "&$B8&", ",", "&'Đăng tin & Quản lý tin'!$B$7:$B$500&", ")),--('Đăng tin & Quản lý tin'!$AT$7:$AT$500<>""))+SUMPRODUCT(--ISNUMBER(SEARCH(", "&$B8&", ",", "&'Trust & Safety'!$B$7:$B$500&", ")),--('Trust & Safety'!$AT$7:$AT$500<>""))+SUMPRODUCT(--ISNUMBER(SEARCH(", "&$B8&", ",", "&'Tài khoản & Hồ sơ'!$B$7:$B$500&", ")),--('Tài khoản & Hồ sơ'!$AT$7:$AT$500<>"")) | G8: =SUMPRODUCT(--ISNUMBER(SEARCH(", "&$B8&", ",", "&'Hoạt động (Đơn của tôi)'!$B$7:$B$500&", ")),--('Hoạt động (Đơn của tôi)'!$AT$7:$AT$500="Pass"))+SUMPRODUCT(--ISNUMBER(SEARCH(", "&$B8&", ",", "&'Ghép nối'!$B$7:$B$500&", ")),--('Ghép nối'!$AT$7:$AT$500="Pass"))+SUMPRODUCT(--ISNUMBER(SEARCH(", "&$B8&", ",", "&'Huỷ đơn - Huỷ nhận đơn'!$B$7:$B$500&", ")),--('Huỷ đơn - Huỷ nhận đơn'!$AT$7:$AT$500="Pass"))+SUMPRODUCT(--ISNUMBER(SEARCH(", "&$B8&", ",", "&'Giao nhận & Theo dõi đơn'!$B$7:$B$500&", ")),--('Giao nhận & Theo dõi đơn'!$AT$7:$AT$500="Pass"))+SUMPRODUCT(--ISNUMBER(SEARCH(", "&$B8&", ",", "&'Bảng tin & Chi tiết tin'!$B$7:$B$500&", ")),--('Bảng tin & Chi tiết tin'!$AT$7:$AT$500="Pass"))+SUMPRODUCT(--ISNUMBER(SEARCH(", "&$B8&", ",", "&'Quà cảm ơn'!$B$7:$B$500&", ")),--('Quà cảm ơn'!$AT$7:$AT$500="Pass"))+SUMPRODUCT(--ISNUMBER(SEARCH(", "&$B8&", ",", "&'Trang chủ'!$B$7:$B$500&", ")),--('Trang chủ'!$AT$7:$AT$500="Pass"))+SUMPRODUCT(--ISNUMBER(SEARCH(", "&$B8&", ",", "&'Thông báo'!$B$7:$B$500&", ")),--('Thông báo'!$AT$7:$AT$500="Pass"))+SUMPRODUCT(--ISNUMBER(SEARCH(", "&$B8&", ",", "&'Đăng tin & Quản lý tin'!$B$7:$B$500&", ")),--('Đăng tin & Quản lý tin'!$AT$7:$AT$500="Pass"))+SUMPRODUCT(--ISNUMBER(SEARCH(", "&$B8&", ",", "&'Trust & Safety'!$B$7:$B$500&", ")),--('Trust & Safety'!$AT$7:$AT$500="Pass"))+SUMPRODUCT(--ISNUMBER(SEARCH(", "&$B8&", ",", "&'Tài khoản & Hồ sơ'!$B$7:$B$500&", ")),--('Tài khoản & Hồ sơ'!$AT$7:$AT$500="Pass")) | H8: =SUMPRODUCT(--ISNUMBER(SEARCH(", "&$B8&", ",", "&'Hoạt động (Đơn của tôi)'!$B$7:$B$500&", ")),--('Hoạt động (Đơn của tôi)'!$AT$7:$AT$500="Fail"))+SUMPRODUCT(--ISNUMBER(SEARCH(", "&$B8&", ",", "&'Ghép nối'!$B$7:$B$500&", ")),--('Ghép nối'!$AT$7:$AT$500="Fail"))+SUMPRODUCT(--ISNUMBER(SEARCH(", "&$B8&", ",", "&'Huỷ đơn - Huỷ nhận đơn'!$B$7:$B$500&", ")),--('Huỷ đơn - Huỷ nhận đơn'!$AT$7:$AT$500="Fail"))+SUMPRODUCT(--ISNUMBER(SEARCH(", "&$B8&", ",", "&'Giao nhận & Theo dõi đơn'!$B$7:$B$500&", ")),--('Giao nhận & Theo dõi đơn'!$AT$7:$AT$500="Fail"))+SUMPRODUCT(--ISNUMBER(SEARCH(", "&$B8&", ",", "&'Bảng tin & Chi tiết tin'!$B$7:$B$500&", ")),--('Bảng tin & Chi tiết tin'!$AT$7:$AT$500="Fail"))+SUMPRODUCT(--ISNUMBER(SEARCH(", "&$B8&", ",", "&'Quà cảm ơn'!$B$7:$B$500&", ")),--('Quà cảm ơn'!$AT$7:$AT$500="Fail"))+SUMPRODUCT(--ISNUMBER(SEARCH(", "&$B8&", ",", "&'Trang chủ'!$B$7:$B$500&", ")),--('Trang chủ'!$AT$7:$AT$500="Fail"))+SUMPRODUCT(--ISNUMBER(SEARCH(", "&$B8&", ",", "&'Thông báo'!$B$7:$B$500&", ")),--('Thông báo'!$AT$7:$AT$500="Fail"))+SUMPRODUCT(--ISNUMBER(SEARCH(", "&$B8&", ",", "&'Đăng tin & Quản lý tin'!$B$7:$B$500&", ")),--('Đăng tin & Quản lý tin'!$AT$7:$AT$500="Fail"))+SUMPRODUCT(--ISNUMBER(SEARCH(", "&$B8&", ",", "&'Trust & Safety'!$B$7:$B$500&", ")),--('Trust & Safety'!$AT$7:$AT$500="Fail"))+SUMPRODUCT(--ISNUMBER(SEARCH(", "&$B8&", ",", "&'Tài khoản & Hồ sơ'!$B$7:$B$500&", ")),--('Tài khoản & Hồ sơ'!$AT$7:$AT$500="Fail")) | I8: =SUMPRODUCT(--ISNUMBER(SEARCH(", "&$B8&", ",", "&'Hoạt động (Đơn của tôi)'!$B$7:$B$500&", ")),--('Hoạt động (Đơn của tôi)'!$AT$7:$AT$500="Block"))+SUMPRODUCT(--ISNUMBER(SEARCH(", "&$B8&", ",", "&'Ghép nối'!$B$7:$B$500&", ")),--('Ghép nối'!$AT$7:$AT$500="Block"))+SUMPRODUCT(--ISNUMBER(SEARCH(", "&$B8&", ",", "&'Huỷ đơn - Huỷ nhận đơn'!$B$7:$B$500&", ")),--('Huỷ đơn - Huỷ nhận đơn'!$AT$7:$AT$500="Block"))+SUMPRODUCT(--ISNUMBER(SEARCH(", "&$B8&", ",", "&'Giao nhận & Theo dõi đơn'!$B$7:$B$500&", ")),--('Giao nhận & Theo dõi đơn'!$AT$7:$AT$500="Block"))+SUMPRODUCT(--ISNUMBER(SEARCH(", "&$B8&", ",", "&'Bảng tin & Chi tiết tin'!$B$7:$B$500&", ")),--('Bảng tin & Chi tiết tin'!$AT$7:$AT$500="Block"))+SUMPRODUCT(--ISNUMBER(SEARCH(", "&$B8&", ",", "&'Quà cảm ơn'!$B$7:$B$500&", ")),--('Quà cảm ơn'!$AT$7:$AT$500="Block"))+SUMPRODUCT(--ISNUMBER(SEARCH(", "&$B8&", ",", "&'Trang chủ'!$B$7:$B$500&", ")),--('Trang chủ'!$AT$7:$AT$500="Block"))+SUMPRODUCT(--ISNUMBER(SEARCH(", "&$B8&", ",", "&'Thông báo'!$B$7:$B$500&", ")),--('Thông báo'!$AT$7:$AT$500="Block"))+SUMPRODUCT(--ISNUMBER(SEARCH(", "&$B8&", ",", "&'Đăng tin & Quản lý tin'!$B$7:$B$500&", ")),--('Đăng tin & Quản lý tin'!$AT$7:$AT$500="Block"))+SUMPRODUCT(--ISNUMBER(SEARCH(", "&$B8&", ",", "&'Trust & Safety'!$B$7:$B$500&", ")),--('Trust & Safety'!$AT$7:$AT$500="Block"))+SUMPRODUCT(--ISNUMBER(SEARCH(", "&$B8&", ",", "&'Tài khoản & Hồ sơ'!$B$7:$B$500&", ")),--('Tài khoản & Hồ sơ'!$AT$7:$AT$500="Block")) | J8: =SUMPRODUCT(--ISNUMBER(SEARCH(", "&$B8&", ",", "&'Hoạt động (Đơn của tôi)'!$B$7:$B$500&", ")),--('Hoạt động (Đơn của tôi)'!$AT$7:$AT$500="N/A"))+SUMPRODUCT(--ISNUMBER(SEARCH(", "&$B8&", ",", "&'Ghép nối'!$B$7:$B$500&", ")),--('Ghép nối'!$AT$7:$AT$500="N/A"))+SUMPRODUCT(--ISNUMBER(SEARCH(", "&$B8&", ",", "&'Huỷ đơn - Huỷ nhận đơn'!$B$7:$B$500&", ")),--('Huỷ đơn - Huỷ nhận đơn'!$AT$7:$AT$500="N/A"))+SUMPRODUCT(--ISNUMBER(SEARCH(", "&$B8&", ",", "&'Giao nhận & Theo dõi đơn'!$B$7:$B$500&", ")),--('Giao nhận & Theo dõi đơn'!$AT$7:$AT$500="N/A"))+SUMPRODUCT(--ISNUMBER(SEARCH(", "&$B8&", ",", "&'Bảng tin & Chi tiết tin'!$B$7:$B$500&", ")),--('Bảng tin & Chi tiết tin'!$AT$7:$AT$500="N/A"))+SUMPRODUCT(--ISNUMBER(SEARCH(", "&$B8&", ",", "&'Quà cảm ơn'!$B$7:$B$500&", ")),--('Quà cảm ơn'!$AT$7:$AT$500="N/A"))+SUMPRODUCT(--ISNUMBER(SEARCH(", "&$B8&", ",", "&'Trang chủ'!$B$7:$B$500&", ")),--('Trang chủ'!$AT$7:$AT$500="N/A"))+SUMPRODUCT(--ISNUMBER(SEARCH(", "&$B8&", ",", "&'Thông báo'!$B$7:$B$500&", ")),--('Thông báo'!$AT$7:$AT$500="N/A"))+SUMPRODUCT(--ISNUMBER(SEARCH(", "&$B8&", ",", "&'Đăng tin & Quản lý tin'!$B$7:$B$500&", ")),--('Đăng tin & Quản lý tin'!$AT$7:$AT$500="N/A"))+SUMPRODUCT(--ISNUMBER(SEARCH(", "&$B8&", ",", "&'Trust & Safety'!$B$7:$B$500&", ")),--('Trust & Safety'!$AT$7:$AT$500="N/A"))+SUMPRODUCT(--ISNUMBER(SEARCH(", "&$B8&", ",", "&'Tài khoản & Hồ sơ'!$B$7:$B$500&", ")),--('Tài khoản & Hồ sơ'!$AT$7:$AT$500="N/A")) | K8: =IFERROR(F8/E8,0) | L8: =IF(E8=0,"Chưa có TC (gap)",IF(H8>0,"Có lỗi (Fail)",IF(I8>0,"Bị block",IF(F8<E8,"Đang test",IF(G8=0,"Không áp dụng (N/A)","Đã test xong"))))) | AB8: REQ-ACT | AD8: REQ-CNL | AE8: =SUMIF($AB$6:$AB$143,$AD8,$E$6:$E$143) | AF8: =SUMIF($AB$6:$AB$143,$AD8,$F$6:$F$143)
B9: REQ-ACT-008 | C9: Nguồn (v1.0) — `DOC-v1.0-06 KP-02 §5 dòng C-ORD-06`: text empty state **chưa chốt** — từng Resolved 2026-07-28 rồi **REVERT** 2026-07-29 vì chốt không kèm bằng chứng. | D9: DOC-v1.1-01 §8.17.1 bảng Danh mục empty state, dòng EMP-05 / EMP-06 · trang 51 | E9: =SUMPRODUCT(--ISNUMBER(SEARCH(", "&$B9&", ",", "&'Hoạt động (Đơn của tôi)'!$B$7:$B$500&", ")))+SUMPRODUCT(--ISNUMBER(SEARCH(", "&$B9&", ",", "&'Ghép nối'!$B$7:$B$500&", ")))+SUMPRODUCT(--ISNUMBER(SEARCH(", "&$B9&", ",", "&'Huỷ đơn - Huỷ nhận đơn'!$B$7:$B$500&", ")))+SUMPRODUCT(--ISNUMBER(SEARCH(", "&$B9&", ",", "&'Giao nhận & Theo dõi đơn'!$B$7:$B$500&", ")))+SUMPRODUCT(--ISNUMBER(SEARCH(", "&$B9&", ",", "&'Bảng tin & Chi tiết tin'!$B$7:$B$500&", ")))+SUMPRODUCT(--ISNUMBER(SEARCH(", "&$B9&", ",", "&'Quà cảm ơn'!$B$7:$B$500&", ")))+SUMPRODUCT(--ISNUMBER(SEARCH(", "&$B9&", ",", "&'Trang chủ'!$B$7:$B$500&", ")))+SUMPRODUCT(--ISNUMBER(SEARCH(", "&$B9&", ",", "&'Thông báo'!$B$7:$B$500&", ")))+SUMPRODUCT(--ISNUMBER(SEARCH(", "&$B9&", ",", "&'Đăng tin & Quản lý tin'!$B$7:$B$500&", ")))+SUMPRODUCT(--ISNUMBER(SEARCH(", "&$B9&", ",", "&'Trust & Safety'!$B$7:$B$500&", ")))+SUMPRODUCT(--ISNUMBER(SEARCH(", "&$B9&", ",", "&'Tài khoản & Hồ sơ'!$B$7:$B$500&", "))) | F9: =SUMPRODUCT(--ISNUMBER(SEARCH(", "&$B9&", ",", "&'Hoạt động (Đơn của tôi)'!$B$7:$B$500&", ")),--('Hoạt động (Đơn của tôi)'!$AT$7:$AT$500<>""))+SUMPRODUCT(--ISNUMBER(SEARCH(", "&$B9&", ",", "&'Ghép nối'!$B$7:$B$500&", ")),--('Ghép nối'!$AT$7:$AT$500<>""))+SUMPRODUCT(--ISNUMBER(SEARCH(", "&$B9&", ",", "&'Huỷ đơn - Huỷ nhận đơn'!$B$7:$B$500&", ")),--('Huỷ đơn - Huỷ nhận đơn'!$AT$7:$AT$500<>""))+SUMPRODUCT(--ISNUMBER(SEARCH(", "&$B9&", ",", "&'Giao nhận & Theo dõi đơn'!$B$7:$B$500&", ")),--('Giao nhận & Theo dõi đơn'!$AT$7:$AT$500<>""))+SUMPRODUCT(--ISNUMBER(SEARCH(", "&$B9&", ",", "&'Bảng tin & Chi tiết tin'!$B$7:$B$500&", ")),--('Bảng tin & Chi tiết tin'!$AT$7:$AT$500<>""))+SUMPRODUCT(--ISNUMBER(SEARCH(", "&$B9&", ",", "&'Quà cảm ơn'!$B$7:$B$500&", ")),--('Quà cảm ơn'!$AT$7:$AT$500<>""))+SUMPRODUCT(--ISNUMBER(SEARCH(", "&$B9&", ",", "&'Trang chủ'!$B$7:$B$500&", ")),--('Trang chủ'!$AT$7:$AT$500<>""))+SUMPRODUCT(--ISNUMBER(SEARCH(", "&$B9&", ",", "&'Thông báo'!$B$7:$B$500&", ")),--('Thông báo'!$AT$7:$AT$500<>""))+SUMPRODUCT(--ISNUMBER(SEARCH(", "&$B9&", ",", "&'Đăng tin & Quản lý tin'!$B$7:$B$500&", ")),--('Đăng tin & Quản lý tin'!$AT$7:$AT$500<>""))+SUMPRODUCT(--ISNUMBER(SEARCH(", "&$B9&", ",", "&'Trust & Safety'!$B$7:$B$500&", ")),--('Trust & Safety'!$AT$7:$AT$500<>""))+SUMPRODUCT(--ISNUMBER(SEARCH(", "&$B9&", ",", "&'Tài khoản & Hồ sơ'!$B$7:$B$500&", ")),--('Tài khoản & Hồ sơ'!$AT$7:$AT$500<>"")) | G9: =SUMPRODUCT(--ISNUMBER(SEARCH(", "&$B9&", ",", "&'Hoạt động (Đơn của tôi)'!$B$7:$B$500&", ")),--('Hoạt động (Đơn của tôi)'!$AT$7:$AT$500="Pass"))+SUMPRODUCT(--ISNUMBER(SEARCH(", "&$B9&", ",", "&'Ghép nối'!$B$7:$B$500&", ")),--('Ghép nối'!$AT$7:$AT$500="Pass"))+SUMPRODUCT(--ISNUMBER(SEARCH(", "&$B9&", ",", "&'Huỷ đơn - Huỷ nhận đơn'!$B$7:$B$500&", ")),--('Huỷ đơn - Huỷ nhận đơn'!$AT$7:$AT$500="Pass"))+SUMPRODUCT(--ISNUMBER(SEARCH(", "&$B9&", ",", "&'Giao nhận & Theo dõi đơn'!$B$7:$B$500&", ")),--('Giao nhận & Theo dõi đơn'!$AT$7:$AT$500="Pass"))+SUMPRODUCT(--ISNUMBER(SEARCH(", "&$B9&", ",", "&'Bảng tin & Chi tiết tin'!$B$7:$B$500&", ")),--('Bảng tin & Chi tiết tin'!$AT$7:$AT$500="Pass"))+SUMPRODUCT(--ISNUMBER(SEARCH(", "&$B9&", ",", "&'Quà cảm ơn'!$B$7:$B$500&", ")),--('Quà cảm ơn'!$AT$7:$AT$500="Pass"))+SUMPRODUCT(--ISNUMBER(SEARCH(", "&$B9&", ",", "&'Trang chủ'!$B$7:$B$500&", ")),--('Trang chủ'!$AT$7:$AT$500="Pass"))+SUMPRODUCT(--ISNUMBER(SEARCH(", "&$B9&", ",", "&'Thông báo'!$B$7:$B$500&", ")),--('Thông báo'!$AT$7:$AT$500="Pass"))+SUMPRODUCT(--ISNUMBER(SEARCH(", "&$B9&", ",", "&'Đăng tin & Quản lý tin'!$B$7:$B$500&", ")),--('Đăng tin & Quản lý tin'!$AT$7:$AT$500="Pass"))+SUMPRODUCT(--ISNUMBER(SEARCH(", "&$B9&", ",", "&'Trust & Safety'!$B$7:$B$500&", ")),--('Trust & Safety'!$AT$7:$AT$500="Pass"))+SUMPRODUCT(--ISNUMBER(SEARCH(", "&$B9&", ",", "&'Tài khoản & Hồ sơ'!$B$7:$B$500&", ")),--('Tài khoản & Hồ sơ'!$AT$7:$AT$500="Pass")) | H9: =SUMPRODUCT(--ISNUMBER(SEARCH(", "&$B9&", ",", "&'Hoạt động (Đơn của tôi)'!$B$7:$B$500&", ")),--('Hoạt động (Đơn của tôi)'!$AT$7:$AT$500="Fail"))+SUMPRODUCT(--ISNUMBER(SEARCH(", "&$B9&", ",", "&'Ghép nối'!$B$7:$B$500&", ")),--('Ghép nối'!$AT$7:$AT$500="Fail"))+SUMPRODUCT(--ISNUMBER(SEARCH(", "&$B9&", ",", "&'Huỷ đơn - Huỷ nhận đơn'!$B$7:$B$500&", ")),--('Huỷ đơn - Huỷ nhận đơn'!$AT$7:$AT$500="Fail"))+SUMPRODUCT(--ISNUMBER(SEARCH(", "&$B9&", ",", "&'Giao nhận & Theo dõi đơn'!$B$7:$B$500&", ")),--('Giao nhận & Theo dõi đơn'!$AT$7:$AT$500="Fail"))+SUMPRODUCT(--ISNUMBER(SEARCH(", "&$B9&", ",", "&'Bảng tin & Chi tiết tin'!$B$7:$B$500&", ")),--('Bảng tin & Chi tiết tin'!$AT$7:$AT$500="Fail"))+SUMPRODUCT(--ISNUMBER(SEARCH(", "&$B9&", ",", "&'Quà cảm ơn'!$B$7:$B$500&", ")),--('Quà cảm ơn'!$AT$7:$AT$500="Fail"))+SUMPRODUCT(--ISNUMBER(SEARCH(", "&$B9&", ",", "&'Trang chủ'!$B$7:$B$500&", ")),--('Trang chủ'!$AT$7:$AT$500="Fail"))+SUMPRODUCT(--ISNUMBER(SEARCH(", "&$B9&", ",", "&'Thông báo'!$B$7:$B$500&", ")),--('Thông báo'!$AT$7:$AT$500="Fail"))+SUMPRODUCT(--ISNUMBER(SEARCH(", "&$B9&", ",", "&'Đăng tin & Quản lý tin'!$B$7:$B$500&", ")),--('Đăng tin & Quản lý tin'!$AT$7:$AT$500="Fail"))+SUMPRODUCT(--ISNUMBER(SEARCH(", "&$B9&", ",", "&'Trust & Safety'!$B$7:$B$500&", ")),--('Trust & Safety'!$AT$7:$AT$500="Fail"))+SUMPRODUCT(--ISNUMBER(SEARCH(", "&$B9&", ",", "&'Tài khoản & Hồ sơ'!$B$7:$B$500&", ")),--('Tài khoản & Hồ sơ'!$AT$7:$AT$500="Fail")) | I9: =SUMPRODUCT(--ISNUMBER(SEARCH(", "&$B9&", ",", "&'Hoạt động (Đơn của tôi)'!$B$7:$B$500&", ")),--('Hoạt động (Đơn của tôi)'!$AT$7:$AT$500="Block"))+SUMPRODUCT(--ISNUMBER(SEARCH(", "&$B9&", ",", "&'Ghép nối'!$B$7:$B$500&", ")),--('Ghép nối'!$AT$7:$AT$500="Block"))+SUMPRODUCT(--ISNUMBER(SEARCH(", "&$B9&", ",", "&'Huỷ đơn - Huỷ nhận đơn'!$B$7:$B$500&", ")),--('Huỷ đơn - Huỷ nhận đơn'!$AT$7:$AT$500="Block"))+SUMPRODUCT(--ISNUMBER(SEARCH(", "&$B9&", ",", "&'Giao nhận & Theo dõi đơn'!$B$7:$B$500&", ")),--('Giao nhận & Theo dõi đơn'!$AT$7:$AT$500="Block"))+SUMPRODUCT(--ISNUMBER(SEARCH(", "&$B9&", ",", "&'Bảng tin & Chi tiết tin'!$B$7:$B$500&", ")),--('Bảng tin & Chi tiết tin'!$AT$7:$AT$500="Block"))+SUMPRODUCT(--ISNUMBER(SEARCH(", "&$B9&", ",", "&'Quà cảm ơn'!$B$7:$B$500&", ")),--('Quà cảm ơn'!$AT$7:$AT$500="Block"))+SUMPRODUCT(--ISNUMBER(SEARCH(", "&$B9&", ",", "&'Trang chủ'!$B$7:$B$500&", ")),--('Trang chủ'!$AT$7:$AT$500="Block"))+SUMPRODUCT(--ISNUMBER(SEARCH(", "&$B9&", ",", "&'Thông báo'!$B$7:$B$500&", ")),--('Thông báo'!$AT$7:$AT$500="Block"))+SUMPRODUCT(--ISNUMBER(SEARCH(", "&$B9&", ",", "&'Đăng tin & Quản lý tin'!$B$7:$B$500&", ")),--('Đăng tin & Quản lý tin'!$AT$7:$AT$500="Block"))+SUMPRODUCT(--ISNUMBER(SEARCH(", "&$B9&", ",", "&'Trust & Safety'!$B$7:$B$500&", ")),--('Trust & Safety'!$AT$7:$AT$500="Block"))+SUMPRODUCT(--ISNUMBER(SEARCH(", "&$B9&", ",", "&'Tài khoản & Hồ sơ'!$B$7:$B$500&", ")),--('Tài khoản & Hồ sơ'!$AT$7:$AT$500="Block")) | J9: =SUMPRODUCT(--ISNUMBER(SEARCH(", "&$B9&", ",", "&'Hoạt động (Đơn của tôi)'!$B$7:$B$500&", ")),--('Hoạt động (Đơn của tôi)'!$AT$7:$AT$500="N/A"))+SUMPRODUCT(--ISNUMBER(SEARCH(", "&$B9&", ",", "&'Ghép nối'!$B$7:$B$500&", ")),--('Ghép nối'!$AT$7:$AT$500="N/A"))+SUMPRODUCT(--ISNUMBER(SEARCH(", "&$B9&", ",", "&'Huỷ đơn - Huỷ nhận đơn'!$B$7:$B$500&", ")),--('Huỷ đơn - Huỷ nhận đơn'!$AT$7:$AT$500="N/A"))+SUMPRODUCT(--ISNUMBER(SEARCH(", "&$B9&", ",", "&'Giao nhận & Theo dõi đơn'!$B$7:$B$500&", ")),--('Giao nhận & Theo dõi đơn'!$AT$7:$AT$500="N/A"))+SUMPRODUCT(--ISNUMBER(SEARCH(", "&$B9&", ",", "&'Bảng tin & Chi tiết tin'!$B$7:$B$500&", ")),--('Bảng tin & Chi tiết tin'!$AT$7:$AT$500="N/A"))+SUMPRODUCT(--ISNUMBER(SEARCH(", "&$B9&", ",", "&'Quà cảm ơn'!$B$7:$B$500&", ")),--('Quà cảm ơn'!$AT$7:$AT$500="N/A"))+SUMPRODUCT(--ISNUMBER(SEARCH(", "&$B9&", ",", "&'Trang chủ'!$B$7:$B$500&", ")),--('Trang chủ'!$AT$7:$AT$500="N/A"))+SUMPRODUCT(--ISNUMBER(SEARCH(", "&$B9&", ",", "&'Thông báo'!$B$7:$B$500&", ")),--('Thông báo'!$AT$7:$AT$500="N/A"))+SUMPRODUCT(--ISNUMBER(SEARCH(", "&$B9&", ",", "&'Đăng tin & Quản lý tin'!$B$7:$B$500&", ")),--('Đăng tin & Quản lý tin'!$AT$7:$AT$500="N/A"))+SUMPRODUCT(--ISNUMBER(SEARCH(", "&$B9&", ",", "&'Trust & Safety'!$B$7:$B$500&", ")),--('Trust & Safety'!$AT$7:$AT$500="N/A"))+SUMPRODUCT(--ISNUMBER(SEARCH(", "&$B9&", ",", "&'Tài khoản & Hồ sơ'!$B$7:$B$500&", ")),--('Tài khoản & Hồ sơ'!$AT$7:$AT$500="N/A")) | K9: =IFERROR(F9/E9,0) | L9: =IF(E9=0,"Chưa có TC (gap)",IF(H9>0,"Có lỗi (Fail)",IF(I9>0,"Bị block",IF(F9<E9,"Đang test",IF(G9=0,"Không áp dụng (N/A)","Đã test xong"))))) | AB9: REQ-ACT | AD9: REQ-DLV | AE9: =SUMIF($AB$6:$AB$143,$AD9,$E$6:$E$143) | AF9: =SUMIF($AB$6:$AB$143,$AD9,$F$6:$F$143)
B10: REQ-ACT-009 | C10: Nguồn (v1.0) — `DOC-v1.0-02 §3.7 đoạn 3` + `KP-01 §6 KB-GIFT-02`, gắn `C-GIFT-01` Resolved *"Out of scope **v1.0**"* ⇒ SC chỉ **ghi nhận**. | D10: DOC-v1.1-01 §8.14.1 BR14-03 · trang 49 | E10: =SUMPRODUCT(--ISNUMBER(SEARCH(", "&$B10&", ",", "&'Hoạt động (Đơn của tôi)'!$B$7:$B$500&", ")))+SUMPRODUCT(--ISNUMBER(SEARCH(", "&$B10&", ",", "&'Ghép nối'!$B$7:$B$500&", ")))+SUMPRODUCT(--ISNUMBER(SEARCH(", "&$B10&", ",", "&'Huỷ đơn - Huỷ nhận đơn'!$B$7:$B$500&", ")))+SUMPRODUCT(--ISNUMBER(SEARCH(", "&$B10&", ",", "&'Giao nhận & Theo dõi đơn'!$B$7:$B$500&", ")))+SUMPRODUCT(--ISNUMBER(SEARCH(", "&$B10&", ",", "&'Bảng tin & Chi tiết tin'!$B$7:$B$500&", ")))+SUMPRODUCT(--ISNUMBER(SEARCH(", "&$B10&", ",", "&'Quà cảm ơn'!$B$7:$B$500&", ")))+SUMPRODUCT(--ISNUMBER(SEARCH(", "&$B10&", ",", "&'Trang chủ'!$B$7:$B$500&", ")))+SUMPRODUCT(--ISNUMBER(SEARCH(", "&$B10&", ",", "&'Thông báo'!$B$7:$B$500&", ")))+SUMPRODUCT(--ISNUMBER(SEARCH(", "&$B10&", ",", "&'Đăng tin & Quản lý tin'!$B$7:$B$500&", ")))+SUMPRODUCT(--ISNUMBER(SEARCH(", "&$B10&", ",", "&'Trust & Safety'!$B$7:$B$500&", ")))+SUMPRODUCT(--ISNUMBER(SEARCH(", "&$B10&", ",", "&'Tài khoản & Hồ sơ'!$B$7:$B$500&", "))) | F10: =SUMPRODUCT(--ISNUMBER(SEARCH(", "&$B10&", ",", "&'Hoạt động (Đơn của tôi)'!$B$7:$B$500&", ")),--('Hoạt động (Đơn của tôi)'!$AT$7:$AT$500<>""))+SUMPRODUCT(--ISNUMBER(SEARCH(", "&$B10&", ",", "&'Ghép nối'!$B$7:$B$500&", ")),--('Ghép nối'!$AT$7:$AT$500<>""))+SUMPRODUCT(--ISNUMBER(SEARCH(", "&$B10&", ",", "&'Huỷ đơn - Huỷ nhận đơn'!$B$7:$B$500&", ")),--('Huỷ đơn - Huỷ nhận đơn'!$AT$7:$AT$500<>""))+SUMPRODUCT(--ISNUMBER(SEARCH(", "&$B10&", ",", "&'Giao nhận & Theo dõi đơn'!$B$7:$B$500&", ")),--('Giao nhận & Theo dõi đơn'!$AT$7:$AT$500<>""))+SUMPRODUCT(--ISNUMBER(SEARCH(", "&$B10&", ",", "&'Bảng tin & Chi tiết tin'!$B$7:$B$500&", ")),--('Bảng tin & Chi tiết tin'!$AT$7:$AT$500<>""))+SUMPRODUCT(--ISNUMBER(SEARCH(", "&$B10&", ",", "&'Quà cảm ơn'!$B$7:$B$500&", ")),--('Quà cảm ơn'!$AT$7:$AT$500<>""))+SUMPRODUCT(--ISNUMBER(SEARCH(", "&$B10&", ",", "&'Trang chủ'!$B$7:$B$500&", ")),--('Trang chủ'!$AT$7:$AT$500<>""))+SUMPRODUCT(--ISNUMBER(SEARCH(", "&$B10&", ",", "&'Thông báo'!$B$7:$B$500&", ")),--('Thông báo'!$AT$7:$AT$500<>""))+SUMPRODUCT(--ISNUMBER(SEARCH(", "&$B10&", ",", "&'Đăng tin & Quản lý tin'!$B$7:$B$500&", ")),--('Đăng tin & Quản lý tin'!$AT$7:$AT$500<>""))+SUMPRODUCT(--ISNUMBER(SEARCH(", "&$B10&", ",", "&'Trust & Safety'!$B$7:$B$500&", ")),--('Trust & Safety'!$AT$7:$AT$500<>""))+SUMPRODUCT(--ISNUMBER(SEARCH(", "&$B10&", ",", "&'Tài khoản & Hồ sơ'!$B$7:$B$500&", ")),--('Tài khoản & Hồ sơ'!$AT$7:$AT$500<>"")) | G10: =SUMPRODUCT(--ISNUMBER(SEARCH(", "&$B10&", ",", "&'Hoạt động (Đơn của tôi)'!$B$7:$B$500&", ")),--('Hoạt động (Đơn của tôi)'!$AT$7:$AT$500="Pass"))+SUMPRODUCT(--ISNUMBER(SEARCH(", "&$B10&", ",", "&'Ghép nối'!$B$7:$B$500&", ")),--('Ghép nối'!$AT$7:$AT$500="Pass"))+SUMPRODUCT(--ISNUMBER(SEARCH(", "&$B10&", ",", "&'Huỷ đơn - Huỷ nhận đơn'!$B$7:$B$500&", ")),--('Huỷ đơn - Huỷ nhận đơn'!$AT$7:$AT$500="Pass"))+SUMPRODUCT(--ISNUMBER(SEARCH(", "&$B10&", ",", "&'Giao nhận & Theo dõi đơn'!$B$7:$B$500&", ")),--('Giao nhận & Theo dõi đơn'!$AT$7:$AT$500="Pass"))+SUMPRODUCT(--ISNUMBER(SEARCH(", "&$B10&", ",", "&'Bảng tin & Chi tiết tin'!$B$7:$B$500&", ")),--('Bảng tin & Chi tiết tin'!$AT$7:$AT$500="Pass"))+SUMPRODUCT(--ISNUMBER(SEARCH(", "&$B10&", ",", "&'Quà cảm ơn'!$B$7:$B$500&", ")),--('Quà cảm ơn'!$AT$7:$AT$500="Pass"))+SUMPRODUCT(--ISNUMBER(SEARCH(", "&$B10&", ",", "&'Trang chủ'!$B$7:$B$500&", ")),--('Trang chủ'!$AT$7:$AT$500="Pass"))+SUMPRODUCT(--ISNUMBER(SEARCH(", "&$B10&", ",", "&'Thông báo'!$B$7:$B$500&", ")),--('Thông báo'!$AT$7:$AT$500="Pass"))+SUMPRODUCT(--ISNUMBER(SEARCH(", "&$B10&", ",", "&'Đăng tin & Quản lý tin'!$B$7:$B$500&", ")),--('Đăng tin & Quản lý tin'!$AT$7:$AT$500="Pass"))+SUMPRODUCT(--ISNUMBER(SEARCH(", "&$B10&", ",", "&'Trust & Safety'!$B$7:$B$500&", ")),--('Trust & Safety'!$AT$7:$AT$500="Pass"))+SUMPRODUCT(--ISNUMBER(SEARCH(", "&$B10&", ",", "&'Tài khoản & Hồ sơ'!$B$7:$B$500&", ")),--('Tài khoản & Hồ sơ'!$AT$7:$AT$500="Pass")) | H10: =SUMPRODUCT(--ISNUMBER(SEARCH(", "&$B10&", ",", "&'Hoạt động (Đơn của tôi)'!$B$7:$B$500&", ")),--('Hoạt động (Đơn của tôi)'!$AT$7:$AT$500="Fail"))+SUMPRODUCT(--ISNUMBER(SEARCH(", "&$B10&", ",", "&'Ghép nối'!$B$7:$B$500&", ")),--('Ghép nối'!$AT$7:$AT$500="Fail"))+SUMPRODUCT(--ISNUMBER(SEARCH(", "&$B10&", ",", "&'Huỷ đơn - Huỷ nhận đơn'!$B$7:$B$500&", ")),--('Huỷ đơn - Huỷ nhận đơn'!$AT$7:$AT$500="Fail"))+SUMPRODUCT(--ISNUMBER(SEARCH(", "&$B10&", ",", "&'Giao nhận & Theo dõi đơn'!$B$7:$B$500&", ")),--('Giao nhận & Theo dõi đơn'!$AT$7:$AT$500="Fail"))+SUMPRODUCT(--ISNUMBER(SEARCH(", "&$B10&", ",", "&'Bảng tin & Chi tiết tin'!$B$7:$B$500&", ")),--('Bảng tin & Chi tiết tin'!$AT$7:$AT$500="Fail"))+SUMPRODUCT(--ISNUMBER(SEARCH(", "&$B10&", ",", "&'Quà cảm ơn'!$B$7:$B$500&", ")),--('Quà cảm ơn'!$AT$7:$AT$500="Fail"))+SUMPRODUCT(--ISNUMBER(SEARCH(", "&$B10&", ",", "&'Trang chủ'!$B$7:$B$500&", ")),--('Trang chủ'!$AT$7:$AT$500="Fail"))+SUMPRODUCT(--ISNUMBER(SEARCH(", "&$B10&", ",", "&'Thông báo'!$B$7:$B$500&", ")),--('Thông báo'!$AT$7:$AT$500="Fail"))+SUMPRODUCT(--ISNUMBER(SEARCH(", "&$B10&", ",", "&'Đăng tin & Quản lý tin'!$B$7:$B$500&", ")),--('Đăng tin & Quản lý tin'!$AT$7:$AT$500="Fail"))+SUMPRODUCT(--ISNUMBER(SEARCH(", "&$B10&", ",", "&'Trust & Safety'!$B$7:$B$500&", ")),--('Trust & Safety'!$AT$7:$AT$500="Fail"))+SUMPRODUCT(--ISNUMBER(SEARCH(", "&$B10&", ",", "&'Tài khoản & Hồ sơ'!$B$7:$B$500&", ")),--('Tài khoản & Hồ sơ'!$AT$7:$AT$500="Fail")) | I10: =SUMPRODUCT(--ISNUMBER(SEARCH(", "&$B10&", ",", "&'Hoạt động (Đơn của tôi)'!$B$7:$B$500&", ")),--('Hoạt động (Đơn của tôi)'!$AT$7:$AT$500="Block"))+SUMPRODUCT(--ISNUMBER(SEARCH(", "&$B10&", ",", "&'Ghép nối'!$B$7:$B$500&", ")),--('Ghép nối'!$AT$7:$AT$500="Block"))+SUMPRODUCT(--ISNUMBER(SEARCH(", "&$B10&", ",", "&'Huỷ đơn - Huỷ nhận đơn'!$B$7:$B$500&", ")),--('Huỷ đơn - Huỷ nhận đơn'!$AT$7:$AT$500="Block"))+SUMPRODUCT(--ISNUMBER(SEARCH(", "&$B10&", ",", "&'Giao nhận & Theo dõi đơn'!$B$7:$B$500&", ")),--('Giao nhận & Theo dõi đơn'!$AT$7:$AT$500="Block"))+SUMPRODUCT(--ISNUMBER(SEARCH(", "&$B10&", ",", "&'Bảng tin & Chi tiết tin'!$B$7:$B$500&", ")),--('Bảng tin & Chi tiết tin'!$AT$7:$AT$500="Block"))+SUMPRODUCT(--ISNUMBER(SEARCH(", "&$B10&", ",", "&'Quà cảm ơn'!$B$7:$B$500&", ")),--('Quà cảm ơn'!$AT$7:$AT$500="Block"))+SUMPRODUCT(--ISNUMBER(SEARCH(", "&$B10&", ",", "&'Trang chủ'!$B$7:$B$500&", ")),--('Trang chủ'!$AT$7:$AT$500="Block"))+SUMPRODUCT(--ISNUMBER(SEARCH(", "&$B10&", ",", "&'Thông báo'!$B$7:$B$500&", ")),--('Thông báo'!$AT$7:$AT$500="Block"))+SUMPRODUCT(--ISNUMBER(SEARCH(", "&$B10&", ",", "&'Đăng tin & Quản lý tin'!$B$7:$B$500&", ")),--('Đăng tin & Quản lý tin'!$AT$7:$AT$500="Block"))+SUMPRODUCT(--ISNUMBER(SEARCH(", "&$B10&", ",", "&'Trust & Safety'!$B$7:$B$500&", ")),--('Trust & Safety'!$AT$7:$AT$500="Block"))+SUMPRODUCT(--ISNUMBER(SEARCH(", "&$B10&", ",", "&'Tài khoản & Hồ sơ'!$B$7:$B$500&", ")),--('Tài khoản & Hồ sơ'!$AT$7:$AT$500="Block")) | J10: =SUMPRODUCT(--ISNUMBER(SEARCH(", "&$B10&", ",", "&'Hoạt động (Đơn của tôi)'!$B$7:$B$500&", ")),--('Hoạt động (Đơn của tôi)'!$AT$7:$AT$500="N/A"))+SUMPRODUCT(--ISNUMBER(SEARCH(", "&$B10&", ",", "&'Ghép nối'!$B$7:$B$500&", ")),--('Ghép nối'!$AT$7:$AT$500="N/A"))+SUMPRODUCT(--ISNUMBER(SEARCH(", "&$B10&", ",", "&'Huỷ đơn - Huỷ nhận đơn'!$B$7:$B$500&", ")),--('Huỷ đơn - Huỷ nhận đơn'!$AT$7:$AT$500="N/A"))+SUMPRODUCT(--ISNUMBER(SEARCH(", "&$B10&", ",", "&'Giao nhận & Theo dõi đơn'!$B$7:$B$500&", ")),--('Giao nhận & Theo dõi đơn'!$AT$7:$AT$500="N/A"))+SUMPRODUCT(--ISNUMBER(SEARCH(", "&$B10&", ",", "&'Bảng tin & Chi tiết tin'!$B$7:$B$500&", ")),--('Bảng tin & Chi tiết tin'!$AT$7:$AT$500="N/A"))+SUMPRODUCT(--ISNUMBER(SEARCH(", "&$B10&", ",", "&'Quà cảm ơn'!$B$7:$B$500&", ")),--('Quà cảm ơn'!$AT$7:$AT$500="N/A"))+SUMPRODUCT(--ISNUMBER(SEARCH(", "&$B10&", ",", "&'Trang chủ'!$B$7:$B$500&", ")),--('Trang chủ'!$AT$7:$AT$500="N/A"))+SUMPRODUCT(--ISNUMBER(SEARCH(", "&$B10&", ",", "&'Thông báo'!$B$7:$B$500&", ")),--('Thông báo'!$AT$7:$AT$500="N/A"))+SUMPRODUCT(--ISNUMBER(SEARCH(", "&$B10&", ",", "&'Đăng tin & Quản lý tin'!$B$7:$B$500&", ")),--('Đăng tin & Quản lý tin'!$AT$7:$AT$500="N/A"))+SUMPRODUCT(--ISNUMBER(SEARCH(", "&$B10&", ",", "&'Trust & Safety'!$B$7:$B$500&", ")),--('Trust & Safety'!$AT$7:$AT$500="N/A"))+SUMPRODUCT(--ISNUMBER(SEARCH(", "&$B10&", ",", "&'Tài khoản & Hồ sơ'!$B$7:$B$500&", ")),--('Tài khoản & Hồ sơ'!$AT$7:$AT$500="N/A")) | K10: =IFERROR(F10/E10,0) | L10: =IF(E10=0,"Chưa có TC (gap)",IF(H10>0,"Có lỗi (Fail)",IF(I10>0,"Bị block",IF(F10<E10,"Đang test",IF(G10=0,"Không áp dụng (N/A)","Đã test xong"))))) | AB10: REQ-ACT | AD10: REQ-FEED | AE10: =SUMIF($AB$6:$AB$143,$AD10,$E$6:$E$143) | AF10: =SUMIF($AB$6:$AB$143,$AD10,$F$6:$F$143)
B11: REQ-ACT-010 | C11: Nguồn #1 — BR17-01..03 (§8.17.2, trang 51): "BR17-01 | Mỗi empty state gồm: icon nét mảnh màu neutral + một dòng tiêu đề + một dòng giải thích + tối đa một CTA." "BR17-02 | Không dùng ảnh minh hoạ nặng; không hiện skeleton vô hạn — phân biệt rõ đang tải và không có dữ liệu." "BR17-03 | Empty state không được che thanh tab dưới và vẫn cuộn được. | D11: DOC-v1.1-01 §8.17.2 BR17-01..03 · trang 51 | E11: =SUMPRODUCT(--ISNUMBER(SEARCH(", "&$B11&", ",", "&'Hoạt động (Đơn của tôi)'!$B$7:$B$500&", ")))+SUMPRODUCT(--ISNUMBER(SEARCH(", "&$B11&", ",", "&'Ghép nối'!$B$7:$B$500&", ")))+SUMPRODUCT(--ISNUMBER(SEARCH(", "&$B11&", ",", "&'Huỷ đơn - Huỷ nhận đơn'!$B$7:$B$500&", ")))+SUMPRODUCT(--ISNUMBER(SEARCH(", "&$B11&", ",", "&'Giao nhận & Theo dõi đơn'!$B$7:$B$500&", ")))+SUMPRODUCT(--ISNUMBER(SEARCH(", "&$B11&", ",", "&'Bảng tin & Chi tiết tin'!$B$7:$B$500&", ")))+SUMPRODUCT(--ISNUMBER(SEARCH(", "&$B11&", ",", "&'Quà cảm ơn'!$B$7:$B$500&", ")))+SUMPRODUCT(--ISNUMBER(SEARCH(", "&$B11&", ",", "&'Trang chủ'!$B$7:$B$500&", ")))+SUMPRODUCT(--ISNUMBER(SEARCH(", "&$B11&", ",", "&'Thông báo'!$B$7:$B$500&", ")))+SUMPRODUCT(--ISNUMBER(SEARCH(", "&$B11&", ",", "&'Đăng tin & Quản lý tin'!$B$7:$B$500&", ")))+SUMPRODUCT(--ISNUMBER(SEARCH(", "&$B11&", ",", "&'Trust & Safety'!$B$7:$B$500&", ")))+SUMPRODUCT(--ISNUMBER(SEARCH(", "&$B11&", ",", "&'Tài khoản & Hồ sơ'!$B$7:$B$500&", "))) | F11: =SUMPRODUCT(--ISNUMBER(SEARCH(", "&$B11&", ",", "&'Hoạt động (Đơn của tôi)'!$B$7:$B$500&", ")),--('Hoạt động (Đơn của tôi)'!$AT$7:$AT$500<>""))+SUMPRODUCT(--ISNUMBER(SEARCH(", "&$B11&", ",", "&'Ghép nối'!$B$7:$B$500&", ")),--('Ghép nối'!$AT$7:$AT$500<>""))+SUMPRODUCT(--ISNUMBER(SEARCH(", "&$B11&", ",", "&'Huỷ đơn - Huỷ nhận đơn'!$B$7:$B$500&", ")),--('Huỷ đơn - Huỷ nhận đơn'!$AT$7:$AT$500<>""))+SUMPRODUCT(--ISNUMBER(SEARCH(", "&$B11&", ",", "&'Giao nhận & Theo dõi đơn'!$B$7:$B$500&", ")),--('Giao nhận & Theo dõi đơn'!$AT$7:$AT$500<>""))+SUMPRODUCT(--ISNUMBER(SEARCH(", "&$B11&", ",", "&'Bảng tin & Chi tiết tin'!$B$7:$B$500&", ")),--('Bảng tin & Chi tiết tin'!$AT$7:$AT$500<>""))+SUMPRODUCT(--ISNUMBER(SEARCH(", "&$B11&", ",", "&'Quà cảm ơn'!$B$7:$B$500&", ")),--('Quà cảm ơn'!$AT$7:$AT$500<>""))+SUMPRODUCT(--ISNUMBER(SEARCH(", "&$B11&", ",", "&'Trang chủ'!$B$7:$B$500&", ")),--('Trang chủ'!$AT$7:$AT$500<>""))+SUMPRODUCT(--ISNUMBER(SEARCH(", "&$B11&", ",", "&'Thông báo'!$B$7:$B$500&", ")),--('Thông báo'!$AT$7:$AT$500<>""))+SUMPRODUCT(--ISNUMBER(SEARCH(", "&$B11&", ",", "&'Đăng tin & Quản lý tin'!$B$7:$B$500&", ")),--('Đăng tin & Quản lý tin'!$AT$7:$AT$500<>""))+SUMPRODUCT(--ISNUMBER(SEARCH(", "&$B11&", ",", "&'Trust & Safety'!$B$7:$B$500&", ")),--('Trust & Safety'!$AT$7:$AT$500<>""))+SUMPRODUCT(--ISNUMBER(SEARCH(", "&$B11&", ",", "&'Tài khoản & Hồ sơ'!$B$7:$B$500&", ")),--('Tài khoản & Hồ sơ'!$AT$7:$AT$500<>"")) | G11: =SUMPRODUCT(--ISNUMBER(SEARCH(", "&$B11&", ",", "&'Hoạt động (Đơn của tôi)'!$B$7:$B$500&", ")),--('Hoạt động (Đơn của tôi)'!$AT$7:$AT$500="Pass"))+SUMPRODUCT(--ISNUMBER(SEARCH(", "&$B11&", ",", "&'Ghép nối'!$B$7:$B$500&", ")),--('Ghép nối'!$AT$7:$AT$500="Pass"))+SUMPRODUCT(--ISNUMBER(SEARCH(", "&$B11&", ",", "&'Huỷ đơn - Huỷ nhận đơn'!$B$7:$B$500&", ")),--('Huỷ đơn - Huỷ nhận đơn'!$AT$7:$AT$500="Pass"))+SUMPRODUCT(--ISNUMBER(SEARCH(", "&$B11&", ",", "&'Giao nhận & Theo dõi đơn'!$B$7:$B$500&", ")),--('Giao nhận & Theo dõi đơn'!$AT$7:$AT$500="Pass"))+SUMPRODUCT(--ISNUMBER(SEARCH(", "&$B11&", ",", "&'Bảng tin & Chi tiết tin'!$B$7:$B$500&", ")),--('Bảng tin & Chi tiết tin'!$AT$7:$AT$500="Pass"))+SUMPRODUCT(--ISNUMBER(SEARCH(", "&$B11&", ",", "&'Quà cảm ơn'!$B$7:$B$500&", ")),--('Quà cảm ơn'!$AT$7:$AT$500="Pass"))+SUMPRODUCT(--ISNUMBER(SEARCH(", "&$B11&", ",", "&'Trang chủ'!$B$7:$B$500&", ")),--('Trang chủ'!$AT$7:$AT$500="Pass"))+SUMPRODUCT(--ISNUMBER(SEARCH(", "&$B11&", ",", "&'Thông báo'!$B$7:$B$500&", ")),--('Thông báo'!$AT$7:$AT$500="Pass"))+SUMPRODUCT(--ISNUMBER(SEARCH(", "&$B11&", ",", "&'Đăng tin & Quản lý tin'!$B$7:$B$500&", ")),--('Đăng tin & Quản lý tin'!$AT$7:$AT$500="Pass"))+SUMPRODUCT(--ISNUMBER(SEARCH(", "&$B11&", ",", "&'Trust & Safety'!$B$7:$B$500&", ")),--('Trust & Safety'!$AT$7:$AT$500="Pass"))+SUMPRODUCT(--ISNUMBER(SEARCH(", "&$B11&", ",", "&'Tài khoản & Hồ sơ'!$B$7:$B$500&", ")),--('Tài khoản & Hồ sơ'!$AT$7:$AT$500="Pass")) | H11: =SUMPRODUCT(--ISNUMBER(SEARCH(", "&$B11&", ",", "&'Hoạt động (Đơn của tôi)'!$B$7:$B$500&", ")),--('Hoạt động (Đơn của tôi)'!$AT$7:$AT$500="Fail"))+SUMPRODUCT(--ISNUMBER(SEARCH(", "&$B11&", ",", "&'Ghép nối'!$B$7:$B$500&", ")),--('Ghép nối'!$AT$7:$AT$500="Fail"))+SUMPRODUCT(--ISNUMBER(SEARCH(", "&$B11&", ",", "&'Huỷ đơn - Huỷ nhận đơn'!$B$7:$B$500&", ")),--('Huỷ đơn - Huỷ nhận đơn'!$AT$7:$AT$500="Fail"))+SUMPRODUCT(--ISNUMBER(SEARCH(", "&$B11&", ",", "&'Giao nhận & Theo dõi đơn'!$B$7:$B$500&", ")),--('Giao nhận & Theo dõi đơn'!$AT$7:$AT$500="Fail"))+SUMPRODUCT(--ISNUMBER(SEARCH(", "&$B11&", ",", "&'Bảng tin & Chi tiết tin'!$B$7:$B$500&", ")),--('Bảng tin & Chi tiết tin'!$AT$7:$AT$500="Fail"))+SUMPRODUCT(--ISNUMBER(SEARCH(", "&$B11&", ",", "&'Quà cảm ơn'!$B$7:$B$500&", ")),--('Quà cảm ơn'!$AT$7:$AT$500="Fail"))+SUMPRODUCT(--ISNUMBER(SEARCH(", "&$B11&", ",", "&'Trang chủ'!$B$7:$B$500&", ")),--('Trang chủ'!$AT$7:$AT$500="Fail"))+SUMPRODUCT(--ISNUMBER(SEARCH(", "&$B11&", ",", "&'Thông báo'!$B$7:$B$500&", ")),--('Thông báo'!$AT$7:$AT$500="Fail"))+SUMPRODUCT(--ISNUMBER(SEARCH(", "&$B11&", ",", "&'Đăng tin & Quản lý tin'!$B$7:$B$500&", ")),--('Đăng tin & Quản lý tin'!$AT$7:$AT$500="Fail"))+SUMPRODUCT(--ISNUMBER(SEARCH(", "&$B11&", ",", "&'Trust & Safety'!$B$7:$B$500&", ")),--('Trust & Safety'!$AT$7:$AT$500="Fail"))+SUMPRODUCT(--ISNUMBER(SEARCH(", "&$B11&", ",", "&'Tài khoản & Hồ sơ'!$B$7:$B$500&", ")),--('Tài khoản & Hồ sơ'!$AT$7:$AT$500="Fail")) | I11: =SUMPRODUCT(--ISNUMBER(SEARCH(", "&$B11&", ",", "&'Hoạt động (Đơn của tôi)'!$B$7:$B$500&", ")),--('Hoạt động (Đơn của tôi)'!$AT$7:$AT$500="Block"))+SUMPRODUCT(--ISNUMBER(SEARCH(", "&$B11&", ",", "&'Ghép nối'!$B$7:$B$500&", ")),--('Ghép nối'!$AT$7:$AT$500="Block"))+SUMPRODUCT(--ISNUMBER(SEARCH(", "&$B11&", ",", "&'Huỷ đơn - Huỷ nhận đơn'!$B$7:$B$500&", ")),--('Huỷ đơn - Huỷ nhận đơn'!$AT$7:$AT$500="Block"))+SUMPRODUCT(--ISNUMBER(SEARCH(", "&$B11&", ",", "&'Giao nhận & Theo dõi đơn'!$B$7:$B$500&", ")),--('Giao nhận & Theo dõi đơn'!$AT$7:$AT$500="Block"))+SUMPRODUCT(--ISNUMBER(SEARCH(", "&$B11&", ",", "&'Bảng tin & Chi tiết tin'!$B$7:$B$500&", ")),--('Bảng tin & Chi tiết tin'!$AT$7:$AT$500="Block"))+SUMPRODUCT(--ISNUMBER(SEARCH(", "&$B11&", ",", "&'Quà cảm ơn'!$B$7:$B$500&", ")),--('Quà cảm ơn'!$AT$7:$AT$500="Block"))+SUMPRODUCT(--ISNUMBER(SEARCH(", "&$B11&", ",", "&'Trang chủ'!$B$7:$B$500&", ")),--('Trang chủ'!$AT$7:$AT$500="Block"))+SUMPRODUCT(--ISNUMBER(SEARCH(", "&$B11&", ",", "&'Thông báo'!$B$7:$B$500&", ")),--('Thông báo'!$AT$7:$AT$500="Block"))+SUMPRODUCT(--ISNUMBER(SEARCH(", "&$B11&", ",", "&'Đăng tin & Quản lý tin'!$B$7:$B$500&", ")),--('Đăng tin & Quản lý tin'!$AT$7:$AT$500="Block"))+SUMPRODUCT(--ISNUMBER(SEARCH(", "&$B11&", ",", "&'Trust & Safety'!$B$7:$B$500&", ")),--('Trust & Safety'!$AT$7:$AT$500="Block"))+SUMPRODUCT(--ISNUMBER(SEARCH(", "&$B11&", ",", "&'Tài khoản & Hồ sơ'!$B$7:$B$500&", ")),--('Tài khoản & Hồ sơ'!$AT$7:$AT$500="Block")) | J11: =SUMPRODUCT(--ISNUMBER(SEARCH(", "&$B11&", ",", "&'Hoạt động (Đơn của tôi)'!$B$7:$B$500&", ")),--('Hoạt động (Đơn của tôi)'!$AT$7:$AT$500="N/A"))+SUMPRODUCT(--ISNUMBER(SEARCH(", "&$B11&", ",", "&'Ghép nối'!$B$7:$B$500&", ")),--('Ghép nối'!$AT$7:$AT$500="N/A"))+SUMPRODUCT(--ISNUMBER(SEARCH(", "&$B11&", ",", "&'Huỷ đơn - Huỷ nhận đơn'!$B$7:$B$500&", ")),--('Huỷ đơn - Huỷ nhận đơn'!$AT$7:$AT$500="N/A"))+SUMPRODUCT(--ISNUMBER(SEARCH(", "&$B11&", ",", "&'Giao nhận & Theo dõi đơn'!$B$7:$B$500&", ")),--('Giao nhận & Theo dõi đơn'!$AT$7:$AT$500="N/A"))+SUMPRODUCT(--ISNUMBER(SEARCH(", "&$B11&", ",", "&'Bảng tin & Chi tiết tin'!$B$7:$B$500&", ")),--('Bảng tin & Chi tiết tin'!$AT$7:$AT$500="N/A"))+SUMPRODUCT(--ISNUMBER(SEARCH(", "&$B11&", ",", "&'Quà cảm ơn'!$B$7:$B$500&", ")),--('Quà cảm ơn'!$AT$7:$AT$500="N/A"))+SUMPRODUCT(--ISNUMBER(SEARCH(", "&$B11&", ",", "&'Trang chủ'!$B$7:$B$500&", ")),--('Trang chủ'!$AT$7:$AT$500="N/A"))+SUMPRODUCT(--ISNUMBER(SEARCH(", "&$B11&", ",", "&'Thông báo'!$B$7:$B$500&", ")),--('Thông báo'!$AT$7:$AT$500="N/A"))+SUMPRODUCT(--ISNUMBER(SEARCH(", "&$B11&", ",", "&'Đăng tin & Quản lý tin'!$B$7:$B$500&", ")),--('Đăng tin & Quản lý tin'!$AT$7:$AT$500="N/A"))+SUMPRODUCT(--ISNUMBER(SEARCH(", "&$B11&", ",", "&'Trust & Safety'!$B$7:$B$500&", ")),--('Trust & Safety'!$AT$7:$AT$500="N/A"))+SUMPRODUCT(--ISNUMBER(SEARCH(", "&$B11&", ",", "&'Tài khoản & Hồ sơ'!$B$7:$B$500&", ")),--('Tài khoản & Hồ sơ'!$AT$7:$AT$500="N/A")) | K11: =IFERROR(F11/E11,0) | L11: =IF(E11=0,"Chưa có TC (gap)",IF(H11>0,"Có lỗi (Fail)",IF(I11>0,"Bị block",IF(F11<E11,"Đang test",IF(G11=0,"Không áp dụng (N/A)","Đã test xong"))))) | AB11: REQ-ACT | AD11: REQ-GIFT | AE11: =SUMIF($AB$6:$AB$143,$AD11,$E$6:$E$143) | AF11: =SUMIF($AB$6:$AB$143,$AD11,$F$6:$F$143)
